Date,Bitcoin,Litecoin,Ripple,Monero,Ethereum,Neo,IOTA,,,
20-Feb-18,11403.7,232.85,1.09,304.4,895.37,128.36,1.91,,,
19-Feb-18,11225.3,223.06,1.14,316.49,943.87,137.47,2.09,,,
18-Feb-18,10551.8,215.74,1.12,300.12,923.92,127.38,1.98,,,
17-Feb-18,11112.7,229.47,1.2,325.67,974.12,136.75,2.2,,,
16-Feb-18,10233.9,230.12,1.14,296.48,944.21,128.85,2.1,,,
15-Feb-18,10166.4,225.43,1.15,303.25,936.98,123.29,2.13,,,
14-Feb-18,9494.63,213.36,1.14,276.66,923.56,122.52,2.03,,,
13-Feb-18,8598.31,159.55,1.03,234.69,845.26,111.17,1.81,,,
12-Feb-18,8926.57,161.57,1.08,247.57,868.71,113.25,1.87,,,
11-Feb-18,8129.97,148.99,1,229.49,814.66,103.4,1.7,,,
10-Feb-18,8621.9,155.59,1.07,250.03,860.41,110.63,1.86,,,
9-Feb-18,8736.98,163.95,0.954428,260.43,883.87,117.57,1.96,,,
8-Feb-18,8265.59,149.47,0.805263,247.22,817.81,112.43,1.78,,,
7-Feb-18,7621.3,138.2,0.723895,207.28,757.07,102.5,1.6,,,
6-Feb-18,7754,142.99,0.776393,212.29,793.12,105.95,1.62,,,
5-Feb-18,6955.27,125.33,0.691799,179.49,697.95,82.37,1.45,,,
4-Feb-18,8277.01,148.03,0.815703,221.05,834.68,107.45,1.74,,,
3-Feb-18,9174.91,160.25,0.924043,251.59,964.02,122.97,1.99,,,
2-Feb-18,8830.75,131.38,0.884784,235.63,915.78,120.13,1.81,,,
1-Feb-18,9170.54,142.3,0.96253,240.97,1036.79,126,1.91,,,
31-Jan-18,10221.1,163.35,1.16,272.89,1118.31,145.76,2.31,,,
30-Jan-18,10106.3,165.28,1.14,274.02,1071.13,146.28,2.22,,,
29-Jan-18,11296.4,181.66,1.32,316.63,1182.36,168.14,2.58,,,
28-Jan-18,11786.3,193.87,1.4,332.17,1246.01,152.16,2.52,,,
27-Jan-18,11440.7,180.89,1.22,321.36,1107.07,140.2,2.45,,,
26-Jan-18,11171.4,176.73,1.22,323.69,1055.17,137.89,2.37,,,
25-Jan-18,11259.4,180.27,1.31,317.1,1056.03,138,2.37,,,
24-Jan-18,11359.4,179.99,1.36,317.4,1058.78,136.41,2.43,,,
23-Jan-18,10868.4,177.81,1.34,308.46,986.23,121.6,2.5,,,
22-Jan-18,10931.4,180.01,1.36,315.9,1003.26,123.66,2.47,,,
21-Jan-18,11600.1,190.42,1.38,345.08,1049.58,131.09,2.77,,,
20-Jan-18,12899.2,211.02,1.58,383.79,1155.15,149.94,3,,,
19-Jan-18,11607.4,192.96,1.55,364.62,1039.1,139.5,2.7,,,
18-Jan-18,11474.9,192.84,1.6,316.47,1036.28,142.66,2.75,,,
17-Jan-18,11188.6,186.52,1.31,319.19,1014.25,141.37,2.72,,,
16-Jan-18,11490.5,188.33,1.18,320.04,1053.69,145.3,2.6,,,
15-Jan-18,13819.8,232.77,1.68,414.57,1291.92,187.41,3.48,,,
14-Jan-18,13772,238.68,1.86,399.52,1366.77,170.42,3.74,,,
13-Jan-18,14360.2,259.19,2.02,420.05,1396.42,140.62,3.94,,,
12-Jan-18,13980.6,236.86,2.04,394.78,1273.2,124.47,3.69,,,
11-Jan-18,13405.8,229.37,1.95,355.59,1154.93,108.3,3.37,,,
10-Jan-18,14973.3,250.52,1.97,407.74,1255.82,122.99,3.78,,,
9-Jan-18,14595.4,247.04,2.1,413.33,1299.74,126.94,3.54,,,
8-Jan-18,15170.1,255.76,2.46,405.07,1148.53,102.38,3.85,,,
7-Jan-18,16477.6,288.45,3.38,459.33,1153.17,102.43,4.07,,,
6-Jan-18,17527,296.45,3.09,452.77,1041.68,100.86,3.94,,,
5-Jan-18,17429.5,249.27,3.05,384.94,997.72,95.28,3.75,,,
4-Jan-18,15599.2,241.37,3.2,403.05,980.92,99.11,4.08,,,
3-Jan-18,15201,245.37,3.11,412.06,962.72,105.56,4.13,,,
2-Jan-18,14982.1,255.68,2.48,383.42,884.44,90.33,4,,,
1-Jan-18,13657.2,229.03,2.39,358.99,772.64,78.82,3.97,,,
31-Dec-17,14156.4,232.1,2.3,349.03,756.73,75.96,3.55,,,
30-Dec-17,12952.2,218.96,2.16,330.8,717.26,72.4,3.34,,,
29-Dec-17,14656.2,245.5,2.21,377.37,753.59,73.9,3.69,,,
28-Dec-17,14606.5,249.93,1.43,378.9,737.02,65.43,3.68,,,
27-Dec-17,15838.5,272.17,1.4,421.85,762.84,66.88,3.74,,,
26-Dec-17,16099.8,286.5,1.19,381.54,773.84,65.52,3.8,,,
25-Dec-17,14026.6,273.39,1.12,360.78,765.83,66.32,3.5,,,
24-Dec-17,13925.8,275.98,1.04,337.06,694.15,59.7,3.48,,,
23-Dec-17,14699.2,288.27,1.17,382.04,719.39,58.9,3.61,,,
22-Dec-17,13831.8,264.93,1.14,346.11,674.86,55.57,3.45,,,
21-Dec-17,15802.9,317.46,1.19,417.98,821.06,71.37,5.03,,,
20-Dec-17,16624.6,314.62,0.775964,469.2,819.09,75.62,5.09,,,
19-Dec-17,17776.7,350.25,0.791257,377.24,826.82,70.81,5.37,,,
18-Dec-17,19114.2,358.34,0.778407,381.51,794.64,77.22,4.24,,,
17-Dec-17,19140.8,318.72,0.728366,351.37,719.98,68.11,3.93,,,
16-Dec-17,19497.4,298.97,0.758642,327.32,696.21,49.81,3.63,,,
15-Dec-17,17706.9,299.78,0.756181,312.32,684.45,47.99,3.9,,,
14-Dec-17,16564,279.33,0.864263,325.21,695.82,50.62,3.78,,,
13-Dec-17,16408.2,302.6,0.471063,305.75,702.77,44.81,4.09,,,
12-Dec-17,17415.4,316.16,0.373541,308.07,651.43,40.41,4.72,,,
11-Dec-17,16936.8,214.2,0.251691,279.67,515.14,35.88,4.27,,,
10-Dec-17,15455.4,148.66,0.237333,245.33,441.72,33.31,4.13,,,
9-Dec-17,15178.2,155.24,0.244708,262.53,473.5,35.71,4.68,,,
8-Dec-17,16569.4,124.85,0.252125,276.74,456.03,36.27,5.01,,,
7-Dec-17,17899.7,98.29,0.222823,280.86,434.41,34.86,4.14,,,
6-Dec-17,14291.5,100.35,0.232544,278.69,428.59,35.16,4.36,,,
5-Dec-17,11916.7,102.4,0.246101,269.48,463.28,38.82,3.84,,,
4-Dec-17,11657.2,104.24,0.253571,210.24,470.2,42.17,2.76,,,
3-Dec-17,11323.2,101.26,0.252558,200.05,465.85,36.62,1.88,,,
2-Dec-17,11074.6,100.28,0.255492,203.03,463.45,35.07,1.44,,,
1-Dec-17,10975.6,99,0.255699,190.94,466.54,35.84,1.45,,,
30-Nov-17,10233.6,88.33,0.250878,180.14,447.11,32.96,1.33,,,
29-Nov-17,9888.61,85.57,0.243064,168.15,427.52,32.28,1.25,,,
28-Nov-17,10058.8,96.03,0.299152,203.21,472.9,38.08,1.5,,,
27-Nov-17,9818.35,91.6,0.253927,173.39,480.36,40.13,1.04,,,
26-Nov-17,9330.55,85.93,0.248818,163.37,471.33,38.44,0.841932,,,
25-Nov-17,8790.92,88.82,0.252393,168.44,466.28,38.13,0.806117,,,
24-Nov-17,8253.69,77.97,0.244642,160.03,474.91,34.79,0.786914,,,
23-Nov-17,8038.77,73.22,0.242402,158.61,410.17,34.9,0.793487,,,
22-Nov-17,8253.55,71.89,0.238859,165.95,380.65,35.86,0.89957,,,
21-Nov-17,8071.26,70.03,0.233271,141.74,360.4,34.36,0.888499,,,
20-Nov-17,8200.64,72.25,0.238759,135.76,366.73,35.64,0.966548,,,
19-Nov-17,8036.49,71.59,0.231016,129.48,354.39,39.75,0.864638,,,
18-Nov-17,7790.15,69.64,0.228627,130.8,347.61,42.74,0.823032,,,
17-Nov-17,7708.99,67.57,0.226581,126.7,332.39,40.5,0.792462,,,
16-Nov-17,7871.69,71.06,0.227107,120.31,330.92,28.7,0.823941,,,
15-Nov-17,7315.54,63.82,0.212956,121.37,333.36,29.35,0.785823,,,
14-Nov-17,6635.75,62.68,0.209825,122.35,337.63,29.73,0.610332,,,
13-Nov-17,6559.49,61.4,0.203442,123.4,316.72,28.4,0.591634,,,
12-Nov-17,5950.07,59.01,0.197339,123.86,307.91,26.96,0.593716,,,
11-Nov-17,6357.6,62.3,0.21043,119.62,314.68,28.53,0.621817,,,
10-Nov-17,6618.14,59.26,0.206483,105.59,299.25,28.18,0.504601,,,
9-Nov-17,7143.58,64.27,0.217488,120.78,320.88,31.9,0.535435,,,
8-Nov-17,7459.69,62.57,0.217437,113.31,309.07,30.67,0.475925,,,
7-Nov-17,7144.38,61.3,0.210354,99.76,294.66,26.23,0.383096,,,
6-Nov-17,7022.76,55.17,0.20599,102.92,298.89,26.32,0.373939,,,
5-Nov-17,7407.41,54.75,0.202055,86.35,296.26,26.38,0.350084,,,
4-Nov-17,7379.95,55.04,0.20375,87.3,300.47,26.49,0.368643,,,
3-Nov-17,7207.76,56.18,0.208133,87.99,305.71,26.82,0.393126,,,
2-Nov-17,7078.5,54.74,0.205861,83.76,287.43,24.5,0.366056,,,
1-Nov-17,6767.31,53.18,0.194124,85.72,291.69,26.86,0.36392,,,
31-Oct-17,6468.4,55.75,0.200558,87.64,305.88,28.47,0.390915,,,
30-Oct-17,6130.53,56.39,0.202711,88.84,307.75,28.79,0.409046,,,
29-Oct-17,6153.85,57.11,0.202785,88.65,305.09,27.76,0.40372,,,
28-Oct-17,5753.09,54.69,0.201835,86.31,296.3,27.35,0.395483,,,
27-Oct-17,5780.9,55.33,0.202785,86.75,297.42,28.76,0.423355,,,
26-Oct-17,5904.83,55.74,0.203628,88.58,296.53,28.33,0.417107,,,
25-Oct-17,5750.8,56.49,0.204604,88.13,297.93,28.54,0.443448,,,
24-Oct-17,5526.64,55.96,0.206644,88.4,298.33,30.15,0.453682,,,
23-Oct-17,5930.32,54.92,0.196928,85.21,286.95,27.51,0.386487,,,
22-Oct-17,6008.42,56.81,0.204177,86.58,295.45,28.79,0.392542,,,
21-Oct-17,6031.6,58.2,0.211016,88.12,300.19,27.13,0.393045,,,
20-Oct-17,6011.45,60.33,0.210549,90.54,304.01,27.75,0.401913,,,
19-Oct-17,5708.52,59.74,0.21515,88.62,308.09,28.66,0.433388,,,
18-Oct-17,5590.69,60.73,0.21852,89.54,314.32,29.67,0.454575,,,
17-Oct-17,5605.51,59.48,0.232064,91.28,317.08,31.4,0.468463,,,
16-Oct-17,5725.59,64.62,0.256232,95.9,333.38,28.53,0.450655,,,
15-Oct-17,5678.19,65.47,0.263983,94.87,336.6,27.73,0.438429,,,
14-Oct-17,5831.79,63.95,0.25732,100.23,339.63,27.8,0.457837,,,
13-Oct-17,5647.21,59.43,0.260489,95.13,338.76,29.35,0.441595,,,
12-Oct-17,5446.91,60.11,0.248414,87.09,304.14,28.18,0.412417,,,
11-Oct-17,4826.48,50.89,0.264439,87.42,303.46,29.96,0.481464,,,
10-Oct-17,4781.99,50.72,0.260733,86.82,299.87,29.31,0.477576,,,
9-Oct-17,4772.02,50.16,0.251825,85.49,297.39,29.1,0.469438,,,
8-Oct-17,4610.48,53.14,0.279944,89.77,308.61,32.07,0.500032,,,
7-Oct-17,4426.89,52.58,0.23861,91.7,311.12,36.14,0.538529,,,
6-Oct-17,4370.81,52.12,0.234039,91.19,308.59,33.52,0.503448,,,
5-Oct-17,4328.41,51.67,0.237016,91.86,295.86,32.28,0.540915,,,
4-Oct-17,4229.36,51.4,0.214774,90.41,292.66,31.16,0.546982,,,
3-Oct-17,4317.48,52.35,0.203318,92.96,292.46,33.61,0.561712,,,
2-Oct-17,4409.32,53.38,0.202676,91.54,297.48,36.74,0.575398,,,
1-Oct-17,4403.74,54.54,0.206532,93.22,302.34,35.72,0.610183,,,
30-Sep-17,4338.71,55.14,0.197529,95.76,301.46,34.21,0.620822,,,
29-Sep-17,4163.07,52.62,0.193606,94.5,291.47,28.64,0.584418,,,
28-Sep-17,4174.73,54.09,0.196131,97.23,299.15,29.76,0.595896,,,
27-Sep-17,4200.67,56.28,0.203299,101.04,306.47,31.79,0.551005,,,
26-Sep-17,3892.35,51.55,0.186119,93.13,287.44,26.38,0.515205,,,
25-Sep-17,3926.07,51.58,0.181487,93.64,292.33,26.02,0.556207,,,
24-Sep-17,3682.84,47.62,0.175787,89.5,282.48,19.79,0.521379,,,
23-Sep-17,3792.4,49.27,0.177882,91.85,286.17,20.18,0.541796,,,
22-Sep-17,3630.7,48.09,0.17351,88.17,264.31,18.69,0.50601,,,
21-Sep-17,3631.04,46.61,0.171754,86.24,258.58,17.45,0.500724,,,
20-Sep-17,3905.95,51.73,0.182078,95.57,283.74,19.75,0.566627,,,
19-Sep-17,3924.97,52.84,0.184041,97.72,282.8,19.94,0.565168,,,
18-Sep-17,4065.2,55.53,0.189768,100.57,293.5,21.22,0.606233,,,
17-Sep-17,3582.88,48.49,0.178393,93.74,251.75,19.86,0.497046,,,
16-Sep-17,3625.04,48.26,0.179082,95.29,246.52,20.76,0.487239,,,
15-Sep-17,3637.52,48.21,0.181358,99.85,250.46,18.74,0.48051,,,
14-Sep-17,3154.95,41.58,0.164167,83.04,213.91,15.69,0.445019,,,
13-Sep-17,3882.59,61.73,0.200778,111.33,277.11,20.06,0.55682,,,
12-Sep-17,4130.81,64.23,0.209303,111.89,291.46,20.97,0.591949,,,
11-Sep-17,4161.27,66.04,0.214441,112.75,294.53,21.88,0.558273,,,
10-Sep-17,4122.94,61.61,0.213031,112.33,288.75,22.75,0.495607,,,
9-Sep-17,4226.06,66.01,0.209995,116.27,294.4,21.96,0.560809,,,
8-Sep-17,4228.75,67.79,0.211518,118.04,296.5,24.86,0.540475,,,
7-Sep-17,4599.88,78.48,0.22364,120.84,329.43,30.78,0.645758,,,
6-Sep-17,4597.12,80.11,0.226186,121.63,334.34,21.36,0.741663,,,
5-Sep-17,4376.53,71.29,0.215189,118.82,312.99,22.8,0.613085,,,
4-Sep-17,4236.31,65.21,0.204968,106.17,295.17,21.83,0.566472,,,
3-Sep-17,4582.96,76.84,0.228811,126.01,347.48,30.32,0.743968,,,
2-Sep-17,4578.77,79.02,0.226669,124.8,348.98,31.72,0.695547,,,
1-Sep-17,4892.01,86.04,0.248479,141.2,387.74,32.01,0.807778,,,
31-Aug-17,4703.39,71.06,0.25563,140.41,383.04,33.16,0.842424,,,
30-Aug-17,4565.3,64.17,0.228006,132.38,378.49,33.1,0.869647,,,
29-Aug-17,4579.02,63.17,0.218564,133.03,370.67,33.66,0.811961,,,
28-Aug-17,4382.66,62.36,0.224508,145.4,347.75,38.45,0.875197,,,
27-Aug-17,4382.88,61.16,0.202995,130.68,347.89,40.09,0.920351,,,
26-Aug-17,4352.4,51.75,0.212577,138.05,333.88,38.59,0.962213,,,
25-Aug-17,4371.6,51.18,0.217828,108.26,331.92,40.3,0.919635,,,
24-Aug-17,4334.68,50.19,0.218958,86.29,325.61,42.05,0.895101,,,
23-Aug-17,4151.52,53.25,0.246827,90.33,317.52,40,0.850371,,,
22-Aug-17,4100.52,46.73,0.239286,91.16,314.79,35.85,0.843775,,,
21-Aug-17,4001.74,47.94,0.191918,77.82,321.59,35.3,0.906269,,,
20-Aug-17,4087.66,46.23,0.158735,54.71,301.43,38.19,0.942205,,,
19-Aug-17,4193.7,45.48,0.155057,55.96,297.47,39.97,0.978521,,,
18-Aug-17,4160.62,47.28,0.158883,46.69,295.59,38.85,0.870147,,,
17-Aug-17,4331.69,43.91,0.157498,47.45,301.46,40.69,1.02,,,
16-Aug-17,4376.63,44.15,0.160431,48.78,302.27,45.54,1.05,,,
15-Aug-17,4181.93,43.31,0.161221,48.74,289.82,47.49,0.917949,,,
14-Aug-17,4325.13,45.8,0.169991,49.75,300.1,47.43,0.976404,,,
13-Aug-17,4073.26,45.81,0.168092,47.76,298.06,46.65,0.807713,,,
12-Aug-17,3884.71,46.43,0.173853,49.37,310.6,36.61,0.721535,,,
11-Aug-17,3650.62,47.1,0.179307,50.65,308.86,33.5,0.654872,,,
10-Aug-17,3381.28,46.5,0.180399,49.47,295.89,36.18,0.566456,,,
9-Aug-17,3342.47,48.01,0.182947,50.96,296.03,21.75,0.543328,,,
8-Aug-17,3419.94,48.63,0.192586,51.94,296.77,18.27,0.547637,,,
7-Aug-17,3378.94,45.8,0.179021,50.21,269.18,18.68,0.474577,,,
6-Aug-17,3213.94,45.1,0.180444,47.83,261.57,15.21,0.431142,,,
5-Aug-17,3252.91,46.86,0.184737,48.58,256.51,14.02,0.40798,,,
4-Aug-17,2895.89,43.45,0.173743,45.12,223.07,10.43,0.391286,,,
3-Aug-17,2804.73,42.86,0.174612,43.36,225.34,10.67,0.332352,,,
2-Aug-17,2710.67,42.13,0.173113,43.63,219.95,8.11,0.286116,,,
1-Aug-17,2718.26,43.04,0.177053,44.15,226.77,7.86,0.29022,,,
31-Jul-17,2875.34,43.02,0.167386,39.84,203.87,7.33,0.254732,,,
30-Jul-17,2757.18,40.42,0.165082,39.62,197.98,7.15,0.254785,,,
29-Jul-17,2726.45,41.12,0.169871,43.89,205.79,7.26,0.27519,,,
28-Jul-17,2809.01,40.61,0.165937,43.96,193.12,7.09,0.265118,,,
27-Jul-17,2671.78,42.14,0.173457,45.24,204.32,7.72,0.275467,,,
26-Jul-17,2529.45,42.23,0.173822,45.8,203.95,7.17,0.274598,,,
25-Jul-17,2576.48,42.24,0.178104,40.68,206.71,7.35,0.250453,,,
24-Jul-17,2754.86,44.41,0.192002,45.58,224.71,8.46,0.266447,,,
23-Jul-17,2730.4,44.06,0.195058,42.67,225.95,8.57,0.269072,,,
22-Jul-17,2810.12,46.56,0.19332,44.71,229.48,8.62,0.273382,,,
21-Jul-17,2667.76,45.76,0.182608,40.34,218.31,7.42,0.264134,,,
20-Jul-17,2817.6,45.02,0.188295,40.3,227.26,7.21,0.29246,,,
19-Jul-17,2273.43,40.86,0.168388,35.06,199.7,5.88,0.232212,,,
18-Jul-17,2318.88,44.3,0.188718,36.38,234.39,6.02,0.26734,,,
17-Jul-17,2228.41,42.67,0.177889,34.83,193.42,5.77,0.263105,,,
16-Jul-17,1929.82,40.91,0.148056,29.43,157.36,5.04,0.180978,,,
15-Jul-17,1998.86,38.92,0.170589,32.09,170.66,5.03,0.158688,,,
14-Jul-17,2233.34,42.8,0.190769,35.48,199.66,5.54,0.17535,,,
13-Jul-17,2357.9,46.33,0.200809,38.23,209.73,6.29,0.214589,,,
12-Jul-17,2398.84,48.75,0.205354,40.39,230.77,6.63,0.228758,,,
11-Jul-17,2337.79,45.33,0.185019,37.14,197.4,5.4,0.187596,,,
10-Jul-17,2372.56,46.58,0.203165,40.01,215.36,6.03,0.217061,,,
9-Jul-17,2518.44,49.58,0.233416,44.85,242.14,6.9,0.302889,,,
8-Jul-17,2571.34,52.14,0.236134,46.1,251.7,7.45,0.305515,,,
7-Jul-17,2518.66,46.58,0.23948,44.25,245.99,6.77,0.284565,,,
6-Jul-17,2608.56,51.13,0.254641,50.12,270.55,7.84,0.35388,,,
5-Jul-17,2601.99,53.19,0.256523,45.72,268.77,8.03,0.38013,,,
4-Jul-17,2601.64,55.33,0.254709,45.47,273.3,7.78,0.39639,,,
3-Jul-17,2564.06,46.43,0.259959,43.63,282.9,8.22,0.376139,,,
2-Jul-17,2506.47,41.57,0.259449,42.79,287.99,8.1,0.382249,,,
1-Jul-17,2434.55,38.99,0.254744,40.96,274.6,7.95,0.38963,,,
30-Jun-17,2480.84,40.35,0.26293,43.73,294.92,8.73,0.401591,,,
29-Jun-17,2539.32,41.07,0.265421,45.02,302.88,9.77,0.417798,,,
28-Jun-17,2574.79,42.85,0.280455,47.32,327.93,8.38,0.379136,,,
27-Jun-17,2552.45,40.54,0.276306,43.57,293.09,6.83,0.392269,,,
26-Jun-17,2478.45,41.13,0.277288,43.49,272.69,5.53,0.402438,,,
25-Jun-17,2589.41,43.92,0.298423,45.89,303.25,5.95,0.470941,,,
24-Jun-17,2608.72,44.49,0.31111,48.03,323.7,6.3,0.51291,,,
23-Jun-17,2744.91,47.34,0.319978,51.41,341.74,6.84,0.48091,,,
22-Jun-17,2705.41,47.71,0.297848,47.28,336.37,6.94,0.417742,,,
21-Jun-17,2689.1,47.79,0.296366,46.59,336.87,10.15,0.413547,,,
20-Jun-17,2721.79,47.22,0.324427,48.08,359,8,0.418494,,,
19-Jun-17,2589.6,50.32,0.296068,49.09,370.06,11.72,0.412183,,,
18-Jun-17,2548.29,46.04,0.2846,49.6,371.46,5.26,0.405862,,,
17-Jun-17,2655.88,47.65,0.268351,50.46,379.41,3.76,0.419906,,,
16-Jun-17,2518.56,35.7,0.262068,48.11,370.23,2.77,0.410757,,,
15-Jun-17,2464.58,30.22,0.259266,46.02,361.93,1.78,0.363661,,,
14-Jun-17,2506.37,30.22,0.278447,46.3,359.05,1.74,0.528916,,,
13-Jun-17,2717.02,30.64,0.266153,51.8,397.54,1.81,0.590255,,,
12-Jun-17,2659.63,29.5,0.253964,50.04,401.49,1.51,,,,
11-Jun-17,2958.11,33.22,0.272759,58.7,340.61,1.67,,,,
10-Jun-17,2947.71,30.44,0.260874,52.28,337.67,1.68,,,,
9-Jun-17,2823.81,29.68,0.286019,55.62,281.74,1.55,,,,
8-Jun-17,2805.62,30.21,0.289678,56.19,261.67,1.36,,,,
7-Jun-17,2732.16,28.39,0.279783,52.54,258.07,1.28,,,,
6-Jun-17,2863.2,30.55,0.284548,55.57,264.47,1.34,,,,
5-Jun-17,2686.81,30.84,0.294003,48.26,248.46,1.28,,,,
4-Jun-17,2511.81,27.94,0.299413,42.9,245.33,1.26,,,,
3-Jun-17,2515.35,27.66,0.29458,42.37,224.38,1.26,,,,
2-Jun-17,2488.55,28.94,0.303448,44,223.78,1.35,,,,
1-Jun-17,2407.88,28.8,0.333657,43.7,222.24,1.24,,,,
31-May-17,2286.41,25.3,0.24659,41.83,230.67,1.03,,,,
30-May-17,2175.47,24.14,0.205324,39.79,231.91,1.02,,,,
29-May-17,2255.61,25.21,0.23207,41.21,194.91,0.966765,,,,
28-May-17,2155.8,24.22,0.229554,36.84,170.51,0.930106,,,,
27-May-17,2038.87,23.74,0.212549,33.41,157.76,0.982348,,,,
26-May-17,2202.42,23.75,0.271808,38.71,160.4,0.826549,,,,
25-May-17,2304.98,29.9,0.246065,40.12,174.45,1.11,,,,
24-May-17,2443.64,34.45,0.29589,45.38,190.05,1.76,,,,
23-May-17,2320.42,32.11,0.323368,55.62,181.95,0.877157,,,,
22-May-17,2173.4,25.38,0.317954,36.17,174.26,0.720486,,,,
21-May-17,2041.2,26.3,0.336201,34.64,157.94,0.664141,,,,
20-May-17,2084.73,27.51,0.351634,35.1,126.52,0.665485,,,,
19-May-17,1987.71,27.7,0.327801,31.87,129.53,0.63186,,,,
18-May-17,1888.65,28.36,0.364869,30.33,96.91,0.539481,,,,
17-May-17,1839.09,25.4,0.394132,26.93,89.86,0.531643,,,,
16-May-17,1734.45,23.33,0.349861,26.26,89.44,0.463667,,,,
15-May-17,1738.43,25.37,0.27072,27.79,92.41,0.470057,,,,
14-May-17,1808.91,28.89,0.220223,28.53,90.79,0.477543,,,,
13-May-17,1804.91,28.91,0.214878,28.47,90.84,0.484544,,,,
12-May-17,1724.24,27.45,0.206068,28.68,88.66,0.487684,,,,
11-May-17,1848.57,30.72,0.183135,29.51,89.88,0.481077,,,,
10-May-17,1787.13,31.96,0.186066,29.84,89.52,0.503894,,,,
9-May-17,1755.36,33.58,0.160074,28.66,91.16,0.44937,,,,
8-May-17,1723.35,28.96,0.198212,30.47,91.42,0.496572,,,,
7-May-17,1596.71,30.29,0.141763,32.78,94.01,0.535792,,,,
6-May-17,1578.8,28.16,0.101791,28.98,97.81,0.58767,,,,
5-May-17,1555.45,26.27,0.09355,28.45,94.4,0.576426,,,,
4-May-17,1537.67,23.39,0.078914,25.99,96.98,0.500309,,,,
3-May-17,1490.09,21.04,0.06049,25.2,79.72,0.343782,,,,
2-May-17,1452.82,15.89,0.053908,23.04,77.26,0.314833,,,,
1-May-17,1421.6,15.92,0.055115,22.77,76.3,0.318838,,,,
30-Apr-17,1347.89,15.71,0.051607,23.72,79.02,0.360099,,,,
29-Apr-17,1321.79,15.74,0.052868,22.76,68.38,0.271729,,,,
28-Apr-17,1316.48,14.34,0.044475,22.35,70.16,0.229255,,,,
27-Apr-17,1317.73,14.62,0.034816,21.21,62.17,0.202092,,,,
26-Apr-17,1281.08,14.85,0.032797,19.37,52.72,0.184577,,,,
25-Apr-17,1265.49,15.21,0.032346,19.65,49.89,0.183504,,,,
24-Apr-17,1250.15,14.97,0.031384,19.56,50.03,0.173758,,,,
23-Apr-17,1207.21,13.94,0.031278,19.72,48.49,0.17496,,,,
22-Apr-17,1231.71,13.06,0.03177,20.12,48.55,0.183058,,,,
21-Apr-17,1222.05,11.23,0.03278,20.29,48.22,0.178122,,,,
20-Apr-17,1229.08,10.33,0.029984,20.24,49.67,0.184725,,,,
19-Apr-17,1210.29,9.66,0.030173,20.39,48.31,0.189408,,,,
18-Apr-17,1211.67,10.32,0.033183,21.06,50.71,0.180479,,,,
17-Apr-17,1193.91,10.42,0.033655,20.56,48.3,0.191489,,,,
16-Apr-17,1182.94,10.71,0.033462,20.46,48.72,0.192076,,,,
15-Apr-17,1172.52,10.79,0.033955,20.71,49.1,0.192164,,,,
14-Apr-17,1167.54,10.39,0.033779,20.59,47.57,0.192958,,,,
13-Apr-17,1169.28,10.15,0.034383,21.48,50.22,0.191686,,,,
12-Apr-17,1200.37,10.79,0.034336,21.76,46.29,0.195553,,,,
11-Apr-17,1205.01,8.85,0.032952,21.36,43.41,0.197826,,,,
10-Apr-17,1187.13,8.92,0.033598,21.83,43.44,0.207874,,,,
9-Apr-17,1187.87,8.71,0.03402,20.68,43.27,0.188861,,,,
8-Apr-17,1175.95,9.92,0.035849,20.83,44.31,0.190221,,,,
7-Apr-17,1176.9,9.37,0.036319,19.39,42.16,0.188531,,,,
6-Apr-17,1182.68,10.25,0.032665,19.27,43.24,0.18643,,,,
5-Apr-17,1124.78,11.09,0.035544,19.62,45.3,0.184719,,,,
4-Apr-17,1133.25,8.29,0.037455,21.35,44.64,0.185002,,,,
3-Apr-17,1143.81,8.07,0.033023,20.33,44.36,0.199703,,,,
2-Apr-17,1102.17,7.74,0.061159,20.14,48.75,0.20548,,,,
1-Apr-17,1080.5,6.88,0.021892,21.5,50.7,0.205017,,,,
31-Mar-17,1071.79,6.67,0.020889,20.54,50.04,0.203541,,,,
30-Mar-17,1026.43,6.98,0.013276,20.88,52.21,0.210556,,,,
29-Mar-17,1039.97,4.19,0.010101,21.14,53.13,0.212428,,,,
28-Mar-17,1047.15,4.16,0.009514,19.81,50.77,0.220632,,,,
27-Mar-17,1045.77,4.08,0.009597,19.66,49.67,0.186426,,,,
26-Mar-17,966.73,4.06,0.009545,19.61,50.52,0.160384,,,,
25-Mar-17,972.78,4.07,0.009116,20.14,51.25,0.167305,,,,
24-Mar-17,937.52,4.08,0.010518,21.1,53.11,0.166465,,,,
23-Mar-17,1038.59,3.98,0.010582,21.82,43.68,0.166412,,,,
22-Mar-17,1049.14,3.94,0.007301,21.42,42.34,0.173143,,,,
21-Mar-17,1120.54,4.01,0.006909,21.29,43.15,0.164934,,,,
20-Mar-17,1054.23,4.03,0.006975,22.51,43.39,0.153898,,,,
19-Mar-17,1036.74,3.96,0.006912,23.29,44.74,0.15756,,,,
18-Mar-17,973.82,3.97,0.00671,20.07,34.16,0.158987,,,,
17-Mar-17,1100.23,4.06,0.006116,22.35,46.83,0.139902,,,,
16-Mar-17,1187.81,4.24,0.006394,22.48,46.35,0.131867,,,,
15-Mar-17,1249.61,4.16,0.006314,18.98,35.06,0.128653,,,,
14-Mar-17,1240,4.06,0.006381,17.76,28.65,0.133681,,,,
13-Mar-17,1231.92,4.17,0.006385,18.13,28.59,0.136979,,,,
12-Mar-17,1221.38,3.84,0.006255,16.79,23.44,0.140575,,,,
11-Mar-17,1175.83,3.8,0.006238,14.69,21.47,0.142142,,,,
10-Mar-17,1116.72,3.75,0.006227,13.21,19.33,0.131476,,,,
9-Mar-17,1188.49,3.84,0.006498,13.03,17.75,0.132026,,,,
8-Mar-17,1150,3.78,0.006509,12.47,16.65,0.116242,,,,
7-Mar-17,1223.54,3.82,0.006534,13.53,18.89,0.122573,,,,
6-Mar-17,1272.83,3.92,0.006057,15.41,19.61,0.12345,,,,
5-Mar-17,1267.12,3.9,0.006129,15.18,19.3,0.121757,,,,
4-Mar-17,1255.15,3.88,0.006299,13.67,18.62,0.119901,,,,
3-Mar-17,1274.99,3.92,0.006339,13.91,19.46,0.122444,,,,
2-Mar-17,1251.01,3.92,0.005991,13.11,19.03,0.119301,,,,
1-Mar-17,1222.5,3.8,0.005408,12.33,17.35,0.135197,,,,
28-Feb-17,1179.97,3.77,0.005536,12.28,15.82,0.117443,,,,
27-Feb-17,1179.97,3.8,0.005609,11.96,15.4,0.115376,,,,
26-Feb-17,1165.2,3.83,0.005671,11.89,14.52,0.114986,,,,
25-Feb-17,1143.84,3.83,0.005665,11.85,13.55,0.114526,,,,
24-Feb-17,1173.68,3.85,0.005701,11.92,13.07,0.121185,,,,
23-Feb-17,1166.72,3.84,0.005895,12.87,13.12,0.118724,,,,
22-Feb-17,1117.44,3.81,0.00586,12.77,12.6,0.121959,,,,
21-Feb-17,1115.3,3.78,0.005832,12.34,12.67,0.121561,,,,
20-Feb-17,1079.98,3.77,0.005873,12.22,12.43,0.121475,,,,
19-Feb-17,1047.87,3.76,0.005878,12.99,12.76,0.122905,,,,
18-Feb-17,1054.42,3.79,0.005569,13.36,12.81,0.124431,,,,
17-Feb-17,1046.21,3.83,0.005935,13.3,12.68,0.122661,,,,
16-Feb-17,1027.44,3.79,0.006027,13.1,12.9,0.126088,,,,
15-Feb-17,1007.48,3.81,0.006147,13.62,12.92,0.112729,,,,
14-Feb-17,1004.55,3.77,0.006278,12.99,13.03,0.116603,,,,
13-Feb-17,990.64,3.72,0.006251,12.2,11.27,0.118286,,,,
12-Feb-17,999.18,3.76,0.006269,12.33,11.4,0.121566,,,,
11-Feb-17,1004.45,3.79,0.006333,12.24,11.35,0.125607,,,,
10-Feb-17,988.67,3.78,0.006289,11.98,11.28,0.125761,,,,
9-Feb-17,994.38,3.8,0.006374,12.12,11.03,0.127476,,,,
8-Feb-17,1063.07,4.02,0.006438,12.8,11.43,0.129568,,,,
7-Feb-17,1061.35,4.04,0.006407,12.65,11.52,0.133135,,,,
6-Feb-17,1038.15,4.04,0.00645,12.88,11.39,0.126788,,,,
5-Feb-17,1027.34,4.04,0.006442,12.8,11.35,0.131582,,,,
4-Feb-17,1042.9,4.06,0.006492,12.61,11.43,0.135867,,,,
3-Feb-17,1029.91,4.08,0.006474,12.86,11.11,0.134264,,,,
2-Feb-17,1011.8,4.09,0.006469,13.14,10.82,0.145699,,,,
1-Feb-17,989.02,4.08,0.00654,13.27,10.73,0.147218,,,,
31-Jan-17,970.4,4.08,0.006314,12.99,10.73,0.147016,,,,
30-Jan-17,920.38,4.02,0.006381,12.71,10.57,0.15376,,,,
29-Jan-17,919.5,3.85,0.006402,12.66,10.48,0.141204,,,,
28-Jan-17,921.59,3.85,0.006342,12.85,10.56,0.134674,,,,
27-Jan-17,919.75,3.86,0.006415,12.1,10.54,0.130343,,,,
26-Jan-17,917.59,3.83,0.00669,11.98,10.59,0.133612,,,,
25-Jan-17,901.54,3.71,0.006513,11.83,10.57,0.124216,,,,
24-Jan-17,892.69,3.79,0.00654,11.81,10.63,0.120213,,,,
23-Jan-17,921.01,3.84,0.006697,12.25,10.82,0.129948,,,,
22-Jan-17,924.67,3.84,0.006713,12.18,10.7,0.114313,,,,
21-Jan-17,921.79,3.9,0.006706,12.03,10.91,0.116309,,,,
20-Jan-17,895.03,3.89,0.006675,11.91,10.6,0.117809,,,,
19-Jan-17,899.07,3.86,0.007034,12.15,10.4,0.116619,,,,
18-Jan-17,886.62,3.84,0.006709,12.05,10.23,0.123035,,,,
17-Jan-17,907.94,3.94,0.0068,12.39,10.3,0.116638,,,,
16-Jan-17,831.53,3.9,0.006788,10.64,9.64,0.119649,,,,
15-Jan-17,821.8,3.93,0.006726,10.76,9.9,0.123732,,,,
14-Jan-17,818.41,3.9,0.006863,11.09,9.65,0.122939,,,,
13-Jan-17,823.98,3.89,0.006596,11.27,9.77,0.121321,,,,
12-Jan-17,804.83,3.96,0.006423,11.85,9.86,0.124122,,,,
11-Jan-17,777.76,3.85,0.006411,11.64,9.72,0.115138,,,,
10-Jan-17,907.68,4.59,0.006698,13.39,10.55,0.133864,,,,
9-Jan-17,902.83,4.3,0.006167,13.74,10.33,0.123767,,,,
8-Jan-17,911.2,3.99,0.006233,13.47,10.29,0.132609,,,,
7-Jan-17,908.59,3.96,0.006366,13.06,9.87,0.131104,,,,
6-Jan-17,902.2,3.86,0.006315,14.03,10.25,0.135472,,,,
5-Jan-17,1013.38,4.29,0.006201,16.19,10.25,0.13107,,,,
4-Jan-17,1154.73,4.84,0.00657,18.53,11.25,0.136734,,,,
3-Jan-17,1043.84,4.63,0.006386,16.09,9.73,0.140422,,,,
2-Jan-17,1021.75,4.65,0.006311,16.05,8.38,0.145642,,,,
1-Jan-17,998.33,4.51,0.006368,13.97,8.17,0.141841,,,,
31-Dec-16,963.74,4.33,0.006449,13.78,7.97,0.144763,,,,
30-Dec-16,961.24,4.39,0.006426,12.97,8.16,0.147527,,,,
29-Dec-16,973.5,4.56,0.006341,13.13,8.28,0.14095,,,,
28-Dec-16,975.92,4.57,0.006173,14.09,7.52,0.150689,,,,
27-Dec-16,933.2,4.47,0.006199,12.69,7.17,0.158032,,,,
26-Dec-16,907.61,4.36,0.006326,10.27,7.27,0.166597,,,,
25-Dec-16,896.18,4.35,0.006444,9.73,7.18,0.146788,,,,
24-Dec-16,898.82,4.55,0.006349,9.65,7.27,0.146916,,,,
23-Dec-16,921.98,4.66,0.006286,9.55,7.17,0.137593,,,,
22-Dec-16,864.54,3.71,0.006363,8.9,7.58,0.155065,,,,
21-Dec-16,834.28,3.65,0.006445,8.28,7.91,0.167117,,,,
20-Dec-16,800.88,3.66,0.0065,8.43,7.66,0.120868,,,,
19-Dec-16,792.71,3.66,0.006545,8.63,7.64,0.121387,,,,
18-Dec-16,790.53,3.68,0.006574,8.61,7.87,0.11526,,,,
17-Dec-16,790.83,3.7,0.006541,8.32,7.88,0.105842,,,,
16-Dec-16,784.91,3.63,0.00671,8.51,7.86,0.114432,,,,
15-Dec-16,778.09,3.62,0.006662,8.42,7.83,0.109837,,,,
14-Dec-16,781.48,3.62,0.006705,8.41,8.27,0.121008,,,,
13-Dec-16,780.56,3.65,0.006708,8.11,8.42,0.127959,,,,
12-Dec-16,780.09,3.66,0.006778,8.05,8.52,0.129977,,,,
11-Dec-16,769.73,3.64,0.006744,7.91,8.19,0.122134,,,,
10-Dec-16,774.65,3.68,0.006816,7.78,8.13,0.125328,,,,
9-Dec-16,772.79,3.69,0.007135,7.95,8.45,0.13007,,,,
8-Dec-16,770.81,3.69,0.007097,7.79,8.23,0.134429,,,,
7-Dec-16,768.13,3.62,0.006851,7.89,8.38,0.13745,,,,
6-Dec-16,764.22,3.54,0.006655,7.54,7.87,0.136097,,,,
5-Dec-16,758.7,3.53,0.006434,7.91,6.82,0.141459,,,,
4-Dec-16,773.87,3.9,0.006527,7.8,7.44,0.14717,,,,
3-Dec-16,771.15,3.92,0.006588,8.27,7.92,0.142444,,,,
2-Dec-16,777.94,3.95,0.00666,8.23,7.76,0.141991,,,,
1-Dec-16,756.77,3.91,0.006702,8.58,8.45,0.140114,,,,
30-Nov-16,745.69,3.89,0.006723,8.95,8.59,0.144636,,,,
29-Nov-16,735.6,3.87,0.00678,7.6,8.17,0.149953,,,,
28-Nov-16,735.81,3.88,0.007008,7.89,8.72,0.167994,,,,
27-Nov-16,732.03,3.88,0.007074,7.93,9,0.17305,,,,
26-Nov-16,735.38,3.89,0.00739,7.62,9.33,0.174141,,,,
25-Nov-16,741.65,3.92,0.006902,7.54,9.4,0.174514,,,,
24-Nov-16,740.29,3.91,0.00695,7.81,9.23,0.171955,,,,
23-Nov-16,744.59,3.93,0.007061,7.91,9.84,0.167085,,,,
22-Nov-16,751.35,3.95,0.007434,7.69,9.91,0.168892,,,,
21-Nov-16,739.25,3.94,0.007566,6.8,9.62,0.173476,,,,
20-Nov-16,731.03,3.92,0.007651,6.58,9.58,0.170999,,,,
19-Nov-16,751.62,3.95,0.007799,6.55,9.66,0.169928,,,,
18-Nov-16,751.59,3.96,0.007778,6.72,9.48,0.172177,,,,
17-Nov-16,740.98,3.94,0.007727,6.79,9.99,0.17328,,,,
16-Nov-16,744.2,4.02,0.007842,6.58,10.06,0.162529,,,,
15-Nov-16,711.62,3.89,0.007881,7.3,10.22,0.173875,,,,
14-Nov-16,705.02,3.88,0.008098,7.71,9.97,0.183786,,,,
13-Nov-16,702.03,3.88,0.008257,7.1,10.1,0.169917,,,,
12-Nov-16,705.05,3.76,0.008044,7.44,9.88,0.168695,,,,
11-Nov-16,716.41,3.82,0.008065,6.78,10.29,0.176226,,,,
10-Nov-16,715.53,3.82,0.008136,6.1,10.52,0.168272,,,,
9-Nov-16,723.27,3.86,0.008079,6.19,10.66,0.159859,,,,
8-Nov-16,709.85,3.84,0.008206,6.32,10.83,0.161594,,,,
7-Nov-16,703.13,3.84,0.008108,5.74,10.81,0.173087,,,,
6-Nov-16,711.52,3.89,0.008193,4.97,10.87,0.164002,,,,
5-Nov-16,703.42,3.87,0.00823,5.02,11,0.160797,,,,
4-Nov-16,703.24,3.88,0.008157,4.85,11.09,0.175917,,,,
3-Nov-16,688.7,3.86,0.008021,4.89,10.8,0.173534,,,,
2-Nov-16,740.83,4.1,0.008222,4.51,10.75,0.197941,,,,
1-Nov-16,729.79,4.09,0.008102,4.71,10.77,0.211322,,,,
31-Oct-16,700.97,3.99,0.008196,5.12,11,0.228251,,,,
30-Oct-16,701.86,4.03,0.008014,5.57,11.18,0.181026,,,,
29-Oct-16,714.48,4.09,0.007732,5.14,10.44,0.170166,,,,
28-Oct-16,689.65,3.97,0.008143,5.73,11.09,0.151552,,,,
27-Oct-16,688.31,4.02,0.008481,6.21,11.5,0.127426,,,,
26-Oct-16,678.3,3.96,0.008835,6.17,11.53,0.129615,,,,
25-Oct-16,657.59,3.9,0.008891,6.09,11.41,0.135712,,,,
24-Oct-16,653.76,3.87,0.009065,6.42,11.97,0.093762,,,,
23-Oct-16,657.07,3.92,0.009454,6.51,12.04,0.082726,,,,
22-Oct-16,657.29,3.89,0.008972,6.52,12.07,0.081484,,,,
21-Oct-16,632.83,3.81,0.009029,6.78,12.18,0.080181,,,,
20-Oct-16,630.86,3.78,0.009092,6.56,12.1,0.092682,,,,
19-Oct-16,630.52,3.8,0.008627,6.62,12.02,0.117084,,,,
18-Oct-16,637.96,3.84,0.00835,6.57,12.59,0.19744,,,,
17-Oct-16,639.19,3.91,0.00803,6.28,12.01,0.192747,,,,
16-Oct-16,641.63,3.89,0.008078,6.38,11.95,0.175901,,,,
15-Oct-16,638.65,3.87,0.008146,6.56,11.98,0.179885,,,,
14-Oct-16,640.38,3.9,0.008767,6.92,11.94,0.191014,,,,
13-Oct-16,636.79,3.91,0.007982,6.91,11.96,0.185407,,,,
12-Oct-16,636.19,3.76,0.007949,7.31,11.93,0.186052,,,,
11-Oct-16,641.07,3.82,0.008234,7.28,11.79,0.193575,,,,
10-Oct-16,618.99,3.8,0.007978,6.94,11.76,0.193108,,,,
9-Oct-16,616.75,3.82,0.007543,7.48,12.05,0.186541,,,,
8-Oct-16,619.11,3.84,0.00731,6.88,12.22,0.205229,,,,
7-Oct-16,617.12,3.86,0.007377,6.89,12.67,0.20284,,,,
6-Oct-16,613.02,3.85,0.007382,7.18,12.85,0.180059,,,,
5-Oct-16,612.51,3.84,0.007435,6.76,13.04,0.289392,,,,
4-Oct-16,610.2,3.82,0.007853,7.65,13.28,0.185843,,,,
3-Oct-16,612.13,3.84,0.008089,7.95,13.45,0.178713,,,,
2-Oct-16,610.89,3.84,0.008165,8.3,13.2,0.177279,,,,
1-Oct-16,613.98,3.85,0.008205,7.36,13.17,0.202293,,,,
30-Sep-16,609.74,3.84,0.00883,8.41,13.22,0.184939,,,,
29-Sep-16,605.69,3.85,0.008914,8.71,13.07,0.191738,,,,
28-Sep-16,604.73,3.84,0.009048,9.4,13.27,0.194798,,,,
27-Sep-16,606.17,3.85,0.008229,9.31,13.1,0.197913,,,,
26-Sep-16,608.04,3.86,0.007963,9.4,12.82,0.202491,,,,
25-Sep-16,600.83,3.81,0.007855,10.24,13.1,0.198994,,,,
24-Sep-16,602.63,3.81,0.007362,10.63,12.88,0.213843,,,,
23-Sep-16,602.84,3.81,0.007211,10.77,13.33,0.243237,,,,
22-Sep-16,596.3,3.77,0.006843,10.16,13.25,0.252723,,,,
21-Sep-16,597.15,3.84,0.006829,9.92,13.77,0.303794,,,,
20-Sep-16,608.31,3.84,0.006785,11.15,14.43,0.312621,,,,
19-Sep-16,609.23,3.83,0.006858,10.56,13.19,0.331296,,,,
18-Sep-16,609.87,4.04,0.006853,9.45,12.43,0.384916,,,,
17-Sep-16,605.98,3.81,0.007018,9.68,12.7,0.426568,,,,
16-Sep-16,606.97,3.81,0.007446,8.91,12.56,0.388858,,,,
15-Sep-16,607.15,3.81,0.008303,9.41,11.94,0.349832,,,,
14-Sep-16,610.68,3.83,0.005961,10.51,11.92,0.325127,,,,
13-Sep-16,609.24,3.82,0.005886,10.88,11.92,0.309509,,,,
12-Sep-16,608.24,3.82,0.005897,10.03,11.89,0.374598,,,,
11-Sep-16,606.72,3.86,0.005842,10.69,11.64,0.37615,,,,
10-Sep-16,623.51,3.97,0.00587,12.23,12.17,0.391001,,,,
9-Sep-16,622.86,3.97,0.005869,12.43,11.65,0.558478,,,,
8-Sep-16,626.32,3.99,0.005902,12.74,11.35,,,,,
7-Sep-16,614.54,3.97,0.005892,11.83,11.55,,,,,
6-Sep-16,610.44,3.97,0.005912,12.46,11.69,,,,,
5-Sep-16,606.59,3.98,0.005932,13.96,11.72,,,,,
4-Sep-16,608.63,4.01,0.005954,13.39,11.68,,,,,
3-Sep-16,598.21,3.89,0.005964,10.59,11.76,,,,,
2-Sep-16,575.54,3.82,0.00597,10.21,12.11,,,,,
1-Sep-16,572.3,3.83,0.005984,8,11.99,,,,,
31-Aug-16,575.47,3.8,0.006012,8.58,11.67,,,,,
30-Aug-16,577.5,3.8,0.006026,8.49,11.23,,,,,
29-Aug-16,574.11,3.76,0.006131,8.5,10.98,,,,,
28-Aug-16,573.91,3.74,0.005963,9.51,10.93,,,,,
27-Aug-16,569.95,3.74,0.005975,5.3,11.15,,,,,
26-Aug-16,579.65,3.83,0.00603,4.18,11.3,,,,,
25-Aug-16,577.76,3.8,0.006079,4.15,11.36,,,,,
24-Aug-16,580.18,3.86,0.006052,4.42,11.04,,,,,
23-Aug-16,583.41,3.93,0.006019,4.72,11.03,,,,,
22-Aug-16,586.75,3.66,0.006,3.99,11.12,,,,,
21-Aug-16,581.31,3.62,0.006052,2.54,11.18,,,,,
20-Aug-16,581.7,3.62,0.006114,2.44,11.25,,,,,
19-Aug-16,575.63,3.6,0.006119,2.3,10.75,,,,,
18-Aug-16,574.32,3.61,0.006122,2.19,10.76,,,,,
17-Aug-16,573.22,3.6,0.006109,2.24,10.75,,,,,
16-Aug-16,577.44,3.64,0.00614,2.2,11.14,,,,,
15-Aug-16,567.24,3.58,0.006045,2.18,11.22,,,,,
14-Aug-16,570.47,3.65,0.005994,2.01,11.19,,,,,
13-Aug-16,585.59,3.71,0.006092,1.98,11.57,,,,,
12-Aug-16,587.56,3.71,0.006123,1.95,11.78,,,,,
11-Aug-16,589.12,3.74,0.006189,1.98,11.69,,,,,
10-Aug-16,592.1,3.72,0.006194,2.01,12.14,,,,,
9-Aug-16,587.8,3.76,0.006163,2.05,12.24,,,,,
8-Aug-16,591.05,3.79,0.006027,1.9,11.25,,,,,
7-Aug-16,592.69,3.78,0.006178,1.9,10.91,,,,,
6-Aug-16,587.78,3.76,0.006337,1.88,10.88,,,,,
5-Aug-16,575.04,3.73,0.006447,1.79,10.93,,,,,
4-Aug-16,578.29,3.75,0.005816,1.85,11.04,,,,,
3-Aug-16,566.36,3.72,0.005646,1.57,10.29,,,,,
2-Aug-16,547.47,3.64,0.00569,1.49,8.79,,,,,
1-Aug-16,606.27,3.86,0.005906,1.7,10.94,,,,,
31-Jul-16,624.68,4.01,0.005945,1.82,11.88,,,,,
30-Jul-16,655.05,4.06,0.006121,1.91,12.46,,,,,
29-Jul-16,656.99,4.08,0.006111,1.89,12.79,,,,,
28-Jul-16,655.03,3.97,0.005974,1.85,12.84,,,,,
27-Jul-16,654.35,3.96,0.005969,1.94,12.97,,,,,
26-Jul-16,651.78,3.97,0.005998,1.83,11.99,,,,,
25-Jul-16,654.1,4.03,0.006246,1.85,13.84,,,,,
24-Jul-16,661.28,4.07,0.006286,1.88,12.75,,,,,
23-Jul-16,655.56,4.06,0.006317,1.89,14.3,,,,,
22-Jul-16,650.62,4.04,0.006303,1.83,14.66,,,,,
21-Jul-16,665.01,4.12,0.006416,1.74,12.65,,,,,
20-Jul-16,665.68,4.13,0.006395,1.76,12.45,,,,,
19-Jul-16,672.86,4.15,0.006405,1.9,11.62,,,,,
18-Jul-16,673.11,4.15,0.006482,1.95,11.03,,,,,
17-Jul-16,679.46,4.19,0.006538,1.99,11.16,,,,,
16-Jul-16,660.77,4.13,0.006572,1.98,11.65,,,,,
15-Jul-16,663.25,4.16,0.006442,1.99,11.95,,,,,
14-Jul-16,658.08,4.15,0.006385,2.01,11.51,,,,,
13-Jul-16,654.47,4.14,0.006411,1.93,10.5,,,,,
12-Jul-16,664.55,4.15,0.00635,1.99,10.52,,,,,
11-Jul-16,647.66,4.09,0.006534,1.98,10.46,,,,,
10-Jul-16,649.36,4.1,0.006674,1.91,10.95,,,,,
9-Jul-16,650.96,4.16,0.006679,1.96,10.97,,,,,
8-Jul-16,666.52,4.22,0.006715,1.98,11.39,,,,,
7-Jul-16,640.56,4.11,0.006598,1.9,10.11,,,,,
6-Jul-16,677.33,4.47,0.006691,1.94,10.53,,,,,
5-Jul-16,670.63,4.45,0.006699,1.73,10.61,,,,,
4-Jul-16,683.66,4.54,0.007028,1.71,11.47,,,,,
3-Jul-16,658.66,4.25,0.006607,1.7,11.72,,,,,
2-Jul-16,703.7,4.59,0.006699,1.75,12.13,,,,,
1-Jul-16,676.3,4.26,0.006787,1.66,12.2,,,,,
30-Jun-16,673.34,4.19,0.006657,1.61,12.46,,,,,
29-Jun-16,639.89,4.06,0.006777,1.55,12.61,,,,,
28-Jun-16,647,4.1,0.006773,1.49,12.18,,,,,
27-Jun-16,655.27,4.12,0.006398,1.48,13.88,,,,,
26-Jun-16,629.37,4.07,0.0064,1.48,13.85,,,,,
25-Jun-16,665.12,4.23,0.006414,1.55,14.28,,,,,
24-Jun-16,665.3,4.28,0.006434,1.59,14.33,,,,,
23-Jun-16,623.98,3.85,0.006381,1.56,13.68,,,,,
22-Jun-16,596.12,3.91,0.006495,1.5,13.1,,,,,
21-Jun-16,666.65,4.82,0.006172,1.61,13.31,,,,,
20-Jun-16,737.23,5.29,0.006626,1.83,11.84,,,,,
19-Jun-16,763.78,5.59,0.006813,1.87,12.23,,,,,
18-Jun-16,756.23,5.56,0.006604,2.01,11.33,,,,,
17-Jun-16,748.91,5.59,0.006693,1.75,15.38,,,,,
16-Jun-16,766.31,5.66,0.006676,1.58,20.59,,,,,
15-Jun-16,694.47,5.24,0.006887,1.46,18.35,,,,,
14-Jun-16,685.56,5.2,0.007105,1.39,18.89,,,,,
13-Jun-16,704.38,5.29,0.005824,1.28,17.6,,,,,
12-Jun-16,672.78,5.33,0.005852,1.25,15.74,,,,,
11-Jun-16,606.73,5.01,0.005766,1.14,14.19,,,,,
10-Jun-16,577.47,4.84,0.005736,1.15,13.91,,,,,
9-Jun-16,574.63,4.69,0.005788,1.11,14.4,,,,,
8-Jun-16,581.64,4.75,0.00577,0.999952,14.42,,,,,
7-Jun-16,576.6,4.77,0.00578,1.01,14.51,,,,,
6-Jun-16,585.54,4.96,0.005769,1.01,13.93,,,,,
5-Jun-16,574.98,4.81,0.005796,1,13.97,,,,,
4-Jun-16,572.73,4.81,0.00578,0.974353,13.74,,,,,
3-Jun-16,569.19,4.86,0.005827,0.945202,13.85,,,,,
2-Jun-16,537.97,4.72,0.005766,0.92668,13.74,,,,,
1-Jun-16,536.92,4.74,0.005809,0.914871,14,,,,,
31-May-16,531.39,4.65,0.005706,0.928747,14.08,,,,,
30-May-16,533.86,4.67,0.005748,0.910537,12.73,,,,,
29-May-16,526.23,4.61,0.005662,0.881719,12.35,,,,,
28-May-16,530.04,4.7,0.005682,0.919737,11.89,,,,,
27-May-16,473.46,4.5,0.005679,0.859091,11.3,,,,,
26-May-16,453.38,4.08,0.005669,0.860175,12.43,,,,,
25-May-16,449.6,4.05,0.005756,0.865887,12.53,,,,,
24-May-16,445.98,3.95,0.005962,0.901127,12.73,,,,,
23-May-16,444.15,3.97,0.005909,0.91473,13.46,,,,,
22-May-16,439.32,3.93,0.005936,0.938764,14.29,,,,,
21-May-16,443.19,3.95,0.00599,0.975433,14.02,,,,,
20-May-16,442.68,3.88,0.006084,0.942222,13.64,,,,,
19-May-16,438.71,3.83,0.006032,0.853595,14.77,,,,,
18-May-16,454.62,4,0.006028,0.840542,13.56,,,,,
17-May-16,453.78,3.98,0.006023,0.813343,12.2,,,,,
16-May-16,454.16,4.01,0.006022,0.818356,11.17,,,,,
15-May-16,457.57,4.06,0.006061,0.823823,9.96,,,,,
14-May-16,455.67,4.01,0.006073,0.838895,10.24,,,,,
13-May-16,455.67,3.93,0.006109,0.847763,10.51,,,,,
12-May-16,454.77,3.86,0.006167,0.875668,10.06,,,,,
11-May-16,452.73,3.88,0.006189,0.85971,10,,,,,
10-May-16,450.89,3.82,0.006272,0.829463,9.36,,,,,
9-May-16,460.48,4.06,0.006399,0.825393,9.3,,,,,
8-May-16,458.55,3.94,0.006404,0.850586,9.48,,,,,
7-May-16,458.54,3.95,0.00649,0.880058,9.37,,,,,
6-May-16,459.6,3.82,0.006399,0.877466,9.35,,,,,
5-May-16,447.98,3.71,0.006193,0.906841,9.83,,,,,
4-May-16,446.72,3.75,0.006323,0.916455,9.41,,,,,
3-May-16,450.3,3.74,0.00656,0.908237,9.31,,,,,
2-May-16,444.67,3.68,0.006714,0.964395,10.16,,,,,
1-May-16,451.88,3.71,0.006791,0.914293,8.85,,,,,
30-Apr-16,448.32,3.66,0.006812,0.916537,8.81,,,,,
29-Apr-16,455.1,3.81,0.006759,0.883684,7.46,,,,,
28-Apr-16,449.01,3.79,0.006686,0.904794,7.17,,,,,
27-Apr-16,444.69,3.89,0.006725,0.941531,7.76,,,,,
26-Apr-16,466.09,4.05,0.007095,0.884295,7.4,,,,,
25-Apr-16,461.43,3.81,0.007283,0.953362,7.55,,,,,
24-Apr-16,458.56,3.63,0.007251,1.01,8,,,,,
23-Apr-16,450.28,3.33,0.007346,1.04,8.29,,,,,
22-Apr-16,445.74,3.32,0.007284,0.980429,7.82,,,,,
21-Apr-16,449.43,3.35,0.007433,0.977233,8.1,,,,,
20-Apr-16,441.39,3.28,0.007244,1.06,8.47,,,,,
19-Apr-16,435.51,3.29,0.007118,1.11,8.71,,,,,
18-Apr-16,428.59,3.24,0.006987,1.11,9.04,,,,,
17-Apr-16,427.4,3.26,0.006499,1.04,9.31,,,,,
16-Apr-16,430.57,3.27,0.00651,0.977983,8.61,,,,,
15-Apr-16,429.71,3.28,0.006424,0.990145,8.24,,,,,
14-Apr-16,424.28,3.24,0.006289,1.01,8.39,,,,,
13-Apr-16,423.73,3.24,0.005695,1.03,8.04,,,,,
12-Apr-16,425.19,3.26,0.005885,0.955986,7.44,,,,,
11-Apr-16,422.48,3.24,0.006048,1.02,8.64,,,,,
10-Apr-16,421.56,3.23,0.005937,1.1,8.94,,,,,
9-Apr-16,419.41,3.22,0.006288,1.13,9.15,,,,,
8-Apr-16,420.35,3.22,0.006671,1.24,9.72,,,,,
7-Apr-16,422.75,3.25,0.006875,1.5,10.07,,,,,
6-Apr-16,423.41,3.26,0.007296,1.51,10.69,,,,,
5-Apr-16,424.03,3.25,0.007474,1.52,10.44,,,,,
4-Apr-16,421.44,3.25,0.007491,1.6,11.16,,,,,
3-Apr-16,420.9,3.26,0.007503,1.54,11.62,,,,,
2-Apr-16,420.87,3.26,0.007501,1.55,11.6,,,,,
1-Apr-16,417.96,3.24,0.007418,1.46,11.66,,,,,
31-Mar-16,416.73,3.26,0.007391,1.4,11.4,,,,,
30-Mar-16,414.82,3.22,0.007332,1.45,11.95,,,,,
29-Mar-16,416.52,3.23,0.007566,1.49,11.66,,,,,
28-Mar-16,424.23,3.26,0.007564,1.49,11.67,,,,,
27-Mar-16,426.76,3.3,0.008029,1.53,10.42,,,,,
26-Mar-16,417.94,3.23,0.008066,1.7,10.97,,,,,
25-Mar-16,417.18,3.23,0.008191,1.6,10.74,,,,,
24-Mar-16,416.39,3.22,0.00823,1.7,11.23,,,,,
23-Mar-16,418.04,3.24,0.008332,1.45,12.42,,,,,
22-Mar-16,418.09,3.23,0.00811,1.39,11.27,,,,,
21-Mar-16,413.31,3.2,0.008047,1.49,11.86,,,,,
20-Mar-16,413.75,3.21,0.00796,1.52,10.32,,,,,
19-Mar-16,410.44,3.18,0.008016,1.21,10.53,,,,,
18-Mar-16,409.55,3.17,0.008119,1.15,11,,,,,
17-Mar-16,420.62,3.31,0.008287,1.3,11.08,,,,,
16-Mar-16,417.01,3.31,0.008178,1.15,12.52,,,,,
15-Mar-16,416.83,3.31,0.008186,1.14,13.01,,,,,
14-Mar-16,416.44,3.3,0.008479,1.12,12.45,,,,,
13-Mar-16,414.06,3.31,0.008635,1.24,14.47,,,,,
12-Mar-16,411.62,3.29,0.0087,1.15,13.53,,,,,
11-Mar-16,421.69,3.38,0.008803,1.1,11.08,,,,,
10-Mar-16,417.13,3.29,0.00819,1.09,11.3,,,,,
9-Mar-16,414.86,3.28,0.008056,1.24,11.9,,,,,
8-Mar-16,413.97,3.25,0.007949,1.19,9.85,,,,,
7-Mar-16,414.32,3.27,0.007918,1.07,9.55,,,,,
6-Mar-16,407.71,3.22,0.00786,1.2,11.38,,,,,
5-Mar-16,400.57,3.19,0.007878,1.2,11,,,,,
4-Mar-16,410.94,3.25,0.008096,1.1,10.41,,,,,
3-Mar-16,421.65,3.32,0.008162,1.09,9.29,,,,,
2-Mar-16,423.99,3.37,0.00803,0.827633,8.47,,,,,
1-Mar-16,435.12,3.43,0.008006,0.847996,7.65,,,,,
29-Feb-16,437.7,3.45,0.007923,0.870503,6.34,,,,,
28-Feb-16,433.5,3.44,0.007889,0.870485,6.47,,,,,
27-Feb-16,432.52,3.41,0.007972,0.8297,6.43,,,,,
26-Feb-16,432.15,3.42,0.008058,0.813595,5.92,,,,,
25-Feb-16,424.54,3.37,0.008027,0.806427,6.1,,,,,
24-Feb-16,424.95,3.37,0.008076,0.801251,6.24,,,,,
23-Feb-16,420.74,3.4,0.00797,0.756528,5.59,,,,,
22-Feb-16,437.75,3.48,0.00805,0.77803,5.62,,,,,
21-Feb-16,438.8,3.46,0.0081,0.782148,4.65,,,,,
20-Feb-16,437.16,3.46,0.008253,0.824465,4.34,,,,,
19-Feb-16,420.79,3.25,0.008245,0.819088,4.74,,,,,
18-Feb-16,422.37,3.25,0.007995,0.774533,4.4,,,,,
17-Feb-16,416.32,3.24,0.008138,0.733156,3.76,,,,,
16-Feb-16,407.49,3.21,0.008451,0.935744,4.32,,,,,
15-Feb-16,400.19,3.18,0.008631,0.791647,5.29,,,,,
14-Feb-16,407.23,3.21,0.00859,0.846403,5.24,,,,,
13-Feb-16,391.86,3.13,0.008257,0.804311,5.39,,,,,
12-Feb-16,384.26,3.11,0.007979,0.612499,5.55,,,,,
11-Feb-16,379.65,3.08,0.007815,0.516381,6.01,,,,,
10-Feb-16,381.65,3.1,0.007853,0.480424,4.44,,,,,
9-Feb-16,376.03,3.08,0.007815,0.46485,4.04,,,,,
8-Feb-16,373.45,3.06,0.007991,0.481636,3.18,,,,,
7-Feb-16,376.62,3.09,0.008338,0.479407,2.96,,,,,
6-Feb-16,376.52,3.1,0.007922,0.480421,2.53,,,,,
5-Feb-16,386.55,3.14,0.007262,0.496352,2.54,,,,,
4-Feb-16,389.59,3.16,0.00697,0.507164,2.58,,,,,
3-Feb-16,369.95,3.05,0.006883,0.491974,2.53,,,,,
2-Feb-16,374.45,3.08,0.006768,0.501037,2.44,,,,,
1-Feb-16,373.06,3.08,0.006542,0.497962,2.21,,,,,
31-Jan-16,368.77,3.05,0.006399,0.483429,2.31,,,,,
30-Jan-16,378.25,3.08,0.006634,0.511528,2.45,,,,,
29-Jan-16,379.47,3.11,0.00684,0.51825,2.49,,,,,
28-Jan-16,380.29,3.12,0.006226,0.563129,2.53,,,,,
27-Jan-16,394.97,3.29,0.006506,0.61087,2.39,,,,,
26-Jan-16,392.15,3.15,0.005419,0.584982,2.28,,,,,
25-Jan-16,391.73,3.13,0.005135,0.581354,2.5,,,,,
24-Jan-16,402.97,3.18,0.005219,0.62205,2.14,,,,,
23-Jan-16,387.49,3.1,0.00512,0.61602,1.97,,,,,
22-Jan-16,382.49,3.08,0.005114,0.536995,1.5,,,,,
21-Jan-16,410.26,3.22,0.005313,0.549362,1.55,,,,,
20-Jan-16,420.23,3.39,0.005381,0.535095,1.53,,,,,
19-Jan-16,380.15,3.02,0.005271,0.545904,1.37,,,,,
18-Jan-16,387.17,3.05,0.005326,0.502346,1.43,,,,,
17-Jan-16,382.3,3.03,0.005266,0.450774,1.33,,,,,
16-Jan-16,387.54,3.09,0.005112,0.496668,1.22,,,,,
15-Jan-16,364.33,3,0.005229,0.428456,1.21,,,,,
14-Jan-16,430.31,3.47,0.005529,0.486483,1.19,,,,,
13-Jan-16,432.37,3.48,0.005794,0.484302,1.13,,,,,
12-Jan-16,435.69,3.49,0.005854,0.490113,1.14,,,,,
11-Jan-16,448.43,3.56,0.005895,0.482049,1.06,,,,,
10-Jan-16,447.99,3.54,0.005956,0.488578,0.999231,,,,,
9-Jan-16,447.61,3.56,0.005982,0.490135,0.986833,,,,,
8-Jan-16,453.23,3.57,0.005933,0.488417,0.986789,,,,,
7-Jan-16,458.05,3.6,0.006039,0.492529,0.942005,,,,,
6-Jan-16,429.11,3.45,0.006003,0.505053,0.95086,,,,,
5-Jan-16,431.96,3.47,0.006044,0.499272,0.950176,,,,,
4-Jan-16,433.09,3.5,0.005958,0.517388,0.95448,,,,,
3-Jan-16,430.01,3.48,0.006017,0.500312,0.971905,,,,,
2-Jan-16,433.44,3.5,0.006065,0.532668,0.937124,,,,,
1-Jan-16,434.33,3.51,0.005955,0.497867,0.948024,,,,,
31-Dec-15,430.57,3.48,0.00604,0.470402,0.933542,,,,,
30-Dec-15,426.62,3.46,0.006182,0.441028,0.911958,,,,,
29-Dec-15,432.98,3.5,0.006264,0.45616,0.873054,,,,,
28-Dec-15,422.28,3.47,0.00634,0.446928,0.845005,,,,,
27-Dec-15,422.82,3.48,0.006343,0.451554,0.856365,,,,,
26-Dec-15,417.27,3.42,0.006174,0.446716,0.854603,,,,,
25-Dec-15,455.65,3.62,0.006487,0.484163,0.870363,,,,,
24-Dec-15,454.99,3.64,0.005971,0.490058,0.863262,,,,,
23-Dec-15,442.4,3.58,0.006021,0.482244,0.858077,,,,,
22-Dec-15,436.57,3.42,0.006193,0.480099,0.864202,,,,,
21-Dec-15,438.64,3.46,0.006269,0.488745,0.900771,,,,,
20-Dec-15,442.69,3.54,0.006235,0.507456,0.903885,,,,,
19-Dec-15,462.32,3.72,0.006291,0.471013,0.908072,,,,,
18-Dec-15,463.62,3.76,0.006387,0.499438,0.920127,,,,,
17-Dec-15,456.08,3.74,0.006694,0.501231,0.940701,,,,,
16-Dec-15,454.93,3.7,0.006755,0.518993,0.991182,,,,,
15-Dec-15,465.32,3.83,0.006684,0.556358,1.01,,,,,
14-Dec-15,444.18,3.61,0.007614,0.534761,0.993022,,,,,
13-Dec-15,433.75,3.63,0.008779,0.465171,0.952884,,,,,
12-Dec-15,435,3.61,0.008536,0.455326,0.976973,,,,,
11-Dec-15,451.94,3.84,0.008441,0.458294,0.929762,,,,,
10-Dec-15,415.48,3.66,0.008444,0.431434,0.840396,,,,,
9-Dec-15,417.56,3.67,0.008523,0.452073,0.792167,,,,,
8-Dec-15,415.56,3.69,0.006775,0.42936,0.822118,,,,,
7-Dec-15,395.54,3.65,0.00556,0.421295,0.811264,,,,,
6-Dec-15,388.78,3.47,0.005344,0.439947,0.8355,,,,,
5-Dec-15,388.95,3.52,0.005301,0.451304,0.862438,,,,,
4-Dec-15,363.18,3.36,0.004754,0.370805,0.840041,,,,,
3-Dec-15,361.05,3.38,0.004262,0.366891,0.812143,,,,,
2-Dec-15,359.19,3.34,0.004173,0.368688,0.82121,,,,,
1-Dec-15,362.49,3.43,0.00409,0.376028,0.8748,,,,,
30-Nov-15,377.32,3.62,0.004201,0.395225,0.873119,,,,,
29-Nov-15,371.29,3.67,0.004299,0.401147,0.878614,,,,,
28-Nov-15,357.38,3.52,0.004238,0.39204,0.915703,,,,,
27-Nov-15,358.04,3.58,0.004276,0.386268,0.867951,,,,,
26-Nov-15,352.68,3.61,0.004291,0.404663,0.884183,,,,,
25-Nov-15,328.21,3.34,0.004318,0.387684,0.863537,,,,,
24-Nov-15,320.05,3.11,0.004242,0.390148,0.900191,,,,,
23-Nov-15,323.05,3.12,0.004288,0.391113,0.946969,,,,,
22-Nov-15,324.54,3.14,0.004267,0.395824,0.968018,,,,,
21-Nov-15,326.93,3.15,0.004245,0.391906,0.97614,,,,,
20-Nov-15,322.02,3.12,0.004227,0.389316,0.92492,,,,,
19-Nov-15,326.15,3.13,0.004222,0.407052,0.955532,,,,,
18-Nov-15,334.59,3.19,0.004258,0.415567,0.993319,,,,,
17-Nov-15,335.09,3.2,0.00425,0.428999,1.01,,,,,
16-Nov-15,330.75,3.19,0.004234,0.435954,0.928962,,,,,
15-Nov-15,320.17,3.07,0.004165,0.43081,0.906368,,,,,
14-Nov-15,332.91,3.19,0.004328,0.424853,0.888812,,,,,
13-Nov-15,336.75,3.23,0.004477,0.452619,0.904096,,,,,
12-Nov-15,338.15,3.28,0.004541,0.443275,0.895711,,,,,
11-Nov-15,311.08,2.97,0.004264,0.450299,0.791829,,,,,
10-Nov-15,336.82,3.12,0.004406,0.460954,0.934348,,,,,
9-Nov-15,380.26,3.4,0.004609,0.472776,0.999278,,,,,
8-Nov-15,373.37,3.42,0.004647,0.497654,1.03,,,,,
7-Nov-15,386.48,3.6,0.004694,0.452638,0.927974,,,,,
6-Nov-15,374.47,3.55,0.004562,0.439195,0.926032,,,,,
5-Nov-15,386.35,3.96,0.004506,0.43253,0.895637,,,,,
4-Nov-15,411.56,4.23,0.004947,0.505869,0.89905,,,,,
3-Nov-15,403.42,4.59,0.005383,0.442707,1.01,,,,,
2-Nov-15,361.19,4.16,0.005156,0.442886,0.989789,,,,,
1-Nov-15,325.43,3.96,0.004901,0.423505,1.06,,,,,
31-Oct-15,314.17,3.8,0.004687,0.404538,0.916627,,,,,
30-Oct-15,328.01,4.06,0.004839,0.456442,1.04,,,,,
29-Oct-15,313.86,3.78,0.004634,0.447103,1.21,,,,,
28-Oct-15,304.62,3.1,0.004675,0.448829,1,,,,,
27-Oct-15,293.79,3.09,0.004649,0.409574,0.869641,,,,,
26-Oct-15,285.3,3.1,0.004675,0.38796,0.731317,,,,,
25-Oct-15,283.68,3.07,0.004556,0.407067,0.616039,,,,,
24-Oct-15,281.65,3.1,0.004662,0.395808,0.56359,,,,,
23-Oct-15,276.5,3.11,0.004677,0.393922,0.539657,,,,,
22-Oct-15,274.02,3.11,0.004723,0.403236,0.567702,,,,,
21-Oct-15,266.27,3.08,0.004697,0.394597,0.447329,,,,,
20-Oct-15,269.46,3.09,0.004731,0.399646,0.434829,,,,,
19-Oct-15,263.44,3.05,0.005043,0.403212,0.489014,,,,,
18-Oct-15,261.64,3.02,0.004979,0.409797,0.517734,,,,,
17-Oct-15,270.64,3.07,0.005203,0.426942,0.547178,,,,,
16-Oct-15,262.87,3.11,0.005398,0.411511,0.536495,,,,,
15-Oct-15,254.32,3.1,0.005399,0.390841,0.561878,,,,,
14-Oct-15,251.99,3.14,0.005418,0.384266,0.522968,,,,,
13-Oct-15,249.51,3.18,0.005377,0.388015,0.607655,,,,,
12-Oct-15,245.31,3.14,0.00526,0.395317,0.62603,,,,,
11-Oct-15,247.05,3.15,0.005182,0.380724,0.634963,,,,,
10-Oct-15,244.94,3.11,0.005037,0.387789,0.627857,,,,,
9-Oct-15,243.93,3.11,0.004983,0.397329,0.650628,,,,,
8-Oct-15,242.3,3.06,0.005031,0.387872,0.621716,,,,,
7-Oct-15,242.97,3.06,0.005375,0.393186,0.609388,,,,,
6-Oct-15,246.06,3.15,0.005328,0.411378,0.650645,,,,,
5-Oct-15,240.38,3.02,0.005008,0.416151,0.628643,,,,,
4-Oct-15,238.26,3.01,0.005236,0.400312,0.668379,,,,,
3-Oct-15,238.73,3.03,0.005517,0.409928,0.687171,,,,,
2-Oct-15,237.29,2.99,0.005868,0.409897,0.678574,,,,,
1-Oct-15,237.55,3,0.005448,0.404696,0.690215,,,,,
30-Sep-15,236.06,3.01,0.00552,0.399882,0.738644,,,,,
29-Sep-15,236.69,2.97,0.005579,0.435817,0.661146,,,,,
28-Sep-15,239.14,3.07,0.006293,0.448998,0.582886,,,,,
27-Sep-15,232.76,2.87,0.006536,0.43771,0.720839,,,,,
26-Sep-15,234.34,2.89,0.006501,0.445105,0.785964,,,,,
25-Sep-15,235.14,2.89,0.00665,0.451515,0.736223,,,,,
24-Sep-15,234.53,2.93,0.00671,0.468678,0.81361,,,,,
23-Sep-15,230.28,2.87,0.006668,0.464606,0.893406,,,,,
22-Sep-15,230.62,2.84,0.007168,0.471829,0.901796,,,,,
21-Sep-15,227.09,2.8,0.007247,0.480452,0.919047,,,,,
20-Sep-15,231.21,2.85,0.007637,0.485971,0.938445,,,,,
19-Sep-15,231.49,2.87,0.007482,0.496418,0.882391,,,,,
18-Sep-15,232.97,2.96,0.007529,0.50044,0.853685,,,,,
17-Sep-15,229.81,2.91,0.007372,0.494782,0.874231,,,,,
16-Sep-15,229.09,2.8,0.007426,0.509974,0.907175,,,,,
15-Sep-15,230.3,2.82,0.00772,0.502379,0.94441,,,,,
14-Sep-15,230.64,2.84,0.007404,0.482289,0.875622,,,,,
13-Sep-15,230.51,2.82,0.008532,0.462865,0.936003,,,,,
12-Sep-15,235.23,2.83,0.008197,0.465473,1.04,,,,,
11-Sep-15,240.11,2.96,0.008444,0.495325,0.982978,,,,,
10-Sep-15,238.48,2.95,0.007663,0.497247,1.17,,,,,
9-Sep-15,238.17,2.92,0.007678,0.506011,1.21,,,,,
8-Sep-15,243.61,3.05,0.007831,0.517402,1.24,,,,,
7-Sep-15,239.85,3.05,0.007918,0.499452,1.25,,,,,
6-Sep-15,239.84,3.05,0.007891,0.505111,1.3,,,,,
5-Sep-15,235.02,2.92,0.00786,0.481594,1.34,,,,,
4-Sep-15,230.3,2.7,0.007355,0.467874,1.27,,,,,
3-Sep-15,227.18,2.63,0.007431,0.45929,1.26,,,,,
2-Sep-15,229.28,2.8,0.0077,0.468083,1.29,,,,,
1-Sep-15,228.12,2.82,0.007815,0.458517,1.35,,,,,
31-Aug-15,230.06,2.84,0.007884,0.467238,1.36,,,,,
30-Aug-15,228.76,2.85,0.00805,0.459009,1.32,,,,,
29-Aug-15,229.78,2.88,0.007751,0.47655,1.18,,,,,
28-Aug-15,231.4,2.91,0.007433,0.481627,1.19,,,,,
27-Aug-15,224.77,2.87,0.007551,0.465475,1.15,,,,,
26-Aug-15,225.83,2.95,0.007492,0.496679,1.16,,,,,
25-Aug-15,221.61,2.94,0.007126,0.490286,1.14,,,,,
24-Aug-15,210.5,2.99,0.007397,0.434871,1.23,,,,,
23-Aug-15,228.17,3.39,0.007552,0.544585,1.35,,,,,
22-Aug-15,230.39,3.51,0.007722,0.553084,1.38,,,,,
21-Aug-15,232.57,3.57,0.007881,0.568307,1.4,,,,,
20-Aug-15,235.35,3.61,0.007872,0.597797,1.46,,,,,
19-Aug-15,226.68,3.48,0.007758,0.534101,1.26,,,,,
18-Aug-15,211.08,3.47,0.007552,0.493284,1.09,,,,,
17-Aug-15,257.98,3.98,0.008301,0.610122,1.2,,,,,
16-Aug-15,258.51,3.95,0.008315,0.620167,1.57,,,,,
15-Aug-15,261.55,3.93,0.00842,0.613236,1.69,,,,,
14-Aug-15,265.68,4.03,0.008337,0.609906,1.83,,,,,
13-Aug-15,264.08,3.88,0.008147,0.575855,1.83,,,,,
12-Aug-15,266.38,3.99,0.008271,0.622923,1.22,,,,,
11-Aug-15,270.39,4.16,0.008591,0.603582,1.07,,,,,
10-Aug-15,264.47,3.95,0.00875,0.656576,0.708448,,,,,
9-Aug-15,265.08,3.9,0.008808,0.674739,0.701897,,,,,
8-Aug-15,261,3.85,0.008476,0.676046,0.753325,,,,,
7-Aug-15,279.58,4.21,0.008152,0.742292,2.77,,,,,
6-Aug-15,278.58,4.06,0.008024,0.729102,,,,,,
5-Aug-15,281.88,4.35,0.008224,0.618616,,,,,,
4-Aug-15,285.22,4.38,0.008271,0.618406,,,,,,
3-Aug-15,281.23,4.16,0.008281,0.595818,,,,,,
2-Aug-15,282.61,4.17,0.00823,0.624904,,,,,,
1-Aug-15,281.6,4.15,0.008222,0.588741,,,,,,
31-Jul-15,284.65,4.64,0.008437,0.574956,,,,,,
30-Jul-15,287.72,4.58,0.008491,0.583228,,,,,,
29-Jul-15,289.59,4.8,0.008519,0.589967,,,,,,
28-Jul-15,294.43,5.06,0.008449,0.615015,,,,,,
27-Jul-15,293.62,4.67,0.008562,0.59605,,,,,,
26-Jul-15,292.69,4.66,0.008115,0.584723,,,,,,
25-Jul-15,288.7,4.63,0.007888,0.566003,,,,,,
24-Jul-15,288.28,4.6,0.007656,0.576016,,,,,,
23-Jul-15,276.05,3.78,0.007487,0.570335,,,,,,
22-Jul-15,277.22,3.82,0.007579,0.57342,,,,,,
21-Jul-15,275.83,3.77,0.007711,0.587578,,,,,,
20-Jul-15,278.98,3.94,0.007948,0.547709,,,,,,
19-Jul-15,273.61,3.77,0.008091,0.537989,,,,,,
18-Jul-15,274.9,4,0.00806,0.523595,,,,,,
17-Jul-15,279.47,3.79,0.008026,0.535182,,,,,,
16-Jul-15,278.09,3.69,0.008062,0.536325,,,,,,
15-Jul-15,285.83,4.21,0.008516,0.541855,,,,,,
14-Jul-15,287.46,4.65,0.008631,0.570033,,,,,,
13-Jul-15,292.05,4.68,0.008569,0.572132,,,,,,
12-Jul-15,310.87,5.29,0.008614,0.628094,,,,,,
11-Jul-15,293.12,4.37,0.008615,0.539175,,,,,,
10-Jul-15,284.89,4.51,0.008847,0.520876,,,,,,
9-Jul-15,269.23,7.54,0.008987,0.497226,,,,,,
8-Jul-15,270.79,6.36,0.009449,0.51399,,,,,,
7-Jul-15,266.21,5.23,0.00958,0.512376,,,,,,
6-Jul-15,269.03,5.42,0.009873,0.505507,,,,,,
5-Jul-15,271.91,4.95,0.010021,0.521969,,,,,,
4-Jul-15,260.89,4.11,0.010782,0.507361,,,,,,
3-Jul-15,256.34,4.12,0.011099,0.491196,,,,,,
2-Jul-15,255.41,4.07,0.011037,0.492605,,,,,,
1-Jul-15,258.62,3.92,0.011198,0.498848,,,,,,
30-Jun-15,263.07,4.09,0.011319,0.500266,,,,,,
29-Jun-15,257.06,3.74,0.011977,0.493447,,,,,,
28-Jun-15,249.01,3.31,0.011467,0.470636,,,,,,
27-Jun-15,250.99,3.1,0.011445,0.491951,,,,,,
26-Jun-15,243.59,2.86,0.011288,0.484247,,,,,,
25-Jun-15,242.8,2.85,0.011048,0.503678,,,,,,
24-Jun-15,240.51,2.78,0.010914,0.506506,,,,,,
23-Jun-15,244.3,2.97,0.010667,0.526921,,,,,,
22-Jun-15,246.99,3.03,0.010567,0.540599,,,,,,
21-Jun-15,243.94,3.02,0.010314,0.523274,,,,,,
20-Jun-15,245.21,3.04,0.011039,0.53798,,,,,,
19-Jun-15,244.61,2.81,0.011207,0.511796,,,,,,
18-Jun-15,249.01,3.1,0.010252,0.50388,,,,,,
17-Jun-15,249.28,2.89,0.009678,0.50334,,,,,,
16-Jun-15,250.9,2.88,0.009424,0.506086,,,,,,
15-Jun-15,236.82,2.02,0.008579,0.508224,,,,,,
14-Jun-15,233.54,2,0.008147,0.49497,,,,,,
13-Jun-15,232.4,1.86,0.008093,0.489472,,,,,,
12-Jun-15,229.98,1.8,0.008057,0.470966,,,,,,
11-Jun-15,229.71,1.79,0.008042,0.462852,,,,,,
10-Jun-15,228.8,1.76,0.007999,0.479738,,,,,,
9-Jun-15,229.05,1.8,0.007995,0.495991,,,,,,
8-Jun-15,228.49,1.79,0.007999,0.542956,,,,,,
7-Jun-15,222.88,1.73,0.007874,0.517933,,,,,,
6-Jun-15,225.62,1.76,0.007905,0.526428,,,,,,
5-Jun-15,224.95,1.76,0.007956,0.498892,,,,,,
4-Jun-15,224.32,1.67,0.007879,0.476494,,,,,,
3-Jun-15,225.87,1.69,0.008012,0.453476,,,,,,
2-Jun-15,225.8,1.67,0.007981,0.455539,,,,,,
1-Jun-15,222.93,1.62,0.007579,0.451619,,,,,,
31-May-15,230.19,1.64,0.00829,0.450889,,,,,,
30-May-15,233.34,1.81,0.008409,0.445107,,,,,,
29-May-15,237.1,1.83,0.009056,0.439872,,,,,,
28-May-15,237.41,1.84,0.007857,0.443637,,,,,,
27-May-15,237.28,1.85,0.006937,0.421971,,,,,,
26-May-15,237.12,1.82,0.006794,0.446883,,,,,,
25-May-15,237.11,1.8,0.006925,0.463606,,,,,,
24-May-15,240.95,1.83,0.006809,0.479603,,,,,,
23-May-15,238.87,1.79,0.0068,0.470987,,,,,,
22-May-15,240.35,1.83,0.006649,0.460764,,,,,,
21-May-15,235.34,1.48,0.006573,0.462956,,,,,,
20-May-15,234.02,1.46,0.006636,0.492917,,,,,,
19-May-15,231.95,1.45,0.006539,0.51466,,,,,,
18-May-15,233.13,1.45,0.005748,0.535773,,,,,,
17-May-15,236.8,1.45,0.006329,0.557216,,,,,,
16-May-15,236.15,1.45,0.006588,0.595673,,,,,,
15-May-15,237.6,1.45,0.006655,0.544965,,,,,,
14-May-15,236.93,1.45,0.006602,0.495548,,,,,,
13-May-15,236.38,1.45,0.006857,0.483207,,,,,,
12-May-15,241.11,1.45,0.007213,0.477612,,,,,,
11-May-15,242.16,1.44,0.00736,0.511342,,,,,,
10-May-15,240.3,1.44,0.007382,0.565103,,,,,,
9-May-15,241.83,1.45,0.007574,0.513693,,,,,,
8-May-15,243.86,1.48,0.007491,0.490568,,,,,,
7-May-15,237.33,1.46,0.007529,0.473934,,,,,,
6-May-15,229.78,1.39,0.007782,0.458257,,,,,,
5-May-15,236.12,1.41,0.00791,0.471166,,,,,,
4-May-15,239.02,1.41,0.008017,0.467889,,,,,,
3-May-15,240.36,1.43,0.008055,0.499079,,,,,,
2-May-15,234.93,1.42,0.008037,0.497577,,,,,,
1-May-15,232.08,1.41,0.008018,0.499998,,,,,,
30-Apr-15,236.15,1.44,0.008029,0.501179,,,,,,
29-Apr-15,225.81,1.36,0.007863,0.491526,,,,,,
28-Apr-15,225.85,1.36,0.00763,0.47931,,,,,,
27-Apr-15,229.29,1.38,0.007765,0.566088,,,,,,
26-Apr-15,219.43,1.32,0.00774,0.556385,,,,,,
25-Apr-15,226.39,1.4,0.008291,0.56474,,,,,,
24-Apr-15,231.27,1.42,0.008077,0.569937,,,,,,
23-Apr-15,236.46,1.46,0.008019,0.603233,,,,,,
22-Apr-15,234.18,1.45,0.008025,0.576331,,,,,,
21-Apr-15,235.27,1.42,0.007968,0.632725,,,,,,
20-Apr-15,224.63,1.41,0.007932,0.678942,,,,,,
19-Apr-15,222.6,1.39,0.007846,0.662209,,,,,,
18-Apr-15,223.36,1.41,0.0079,0.694249,,,,,,
17-Apr-15,222.88,1.41,0.008025,0.658304,,,,,,
16-Apr-15,228.57,1.42,0.00801,0.678599,,,,,,
15-Apr-15,223.83,1.38,0.007949,0.673307,,,,,,
14-Apr-15,219.16,1.38,0.008159,0.656934,,,,,,
13-Apr-15,224.59,1.38,0.008194,0.691741,,,,,,
12-Apr-15,236.15,1.46,0.00861,0.800135,,,,,,
11-Apr-15,236.55,1.46,0.0083,0.827207,,,,,,
10-Apr-15,236.07,1.53,0.008512,0.800381,,,,,,
9-Apr-15,243.68,1.59,0.00878,0.758207,,,,,,
8-Apr-15,245.02,1.63,0.009198,0.755192,,,,,,
7-Apr-15,253.18,1.67,0.009071,0.833302,,,,,,
6-Apr-15,255.49,1.69,0.008786,0.789463,,,,,,
5-Apr-15,260.6,1.7,0.008739,0.883731,,,,,,
4-Apr-15,253.7,1.69,0.008844,0.85929,,,,,,
3-Apr-15,254.32,1.7,0.00872,0.952245,,,,,,
2-Apr-15,253,1.68,0.007906,0.96926,,,,,,
1-Apr-15,247.27,1.66,0.007668,1.01,,,,,,
31-Mar-15,244.22,1.65,0.007772,0.907059,,,,,,
30-Mar-15,247.53,1.67,0.008453,0.853188,,,,,,
29-Mar-15,242.71,1.66,0.008498,0.712153,,,,,,
28-Mar-15,252.8,1.7,0.008851,0.795417,,,,,,
27-Mar-15,247.03,1.69,0.008895,0.777714,,,,,,
26-Mar-15,248.53,1.7,0.008764,0.746328,,,,,,
25-Mar-15,246.2,1.67,0.009115,0.767497,,,,,,
24-Mar-15,245.59,1.65,0.009757,0.711852,,,,,,
23-Mar-15,266.74,1.78,0.010308,0.766353,,,,,,
22-Mar-15,267.96,1.8,0.010196,0.777347,,,,,,
21-Mar-15,260.02,1.75,0.010182,0.743222,,,,,,
20-Mar-15,261.75,1.77,0.010446,0.633158,,,,,,
19-Mar-15,260.93,1.76,0.01048,0.677382,,,,,,
18-Mar-15,256.3,1.74,0.010575,0.638029,,,,,,
17-Mar-15,285.5,1.98,0.010929,0.752221,,,,,,
16-Mar-15,290.59,2.03,0.010968,0.805943,,,,,,
15-Mar-15,286.39,2.02,0.010817,0.69425,,,,,,
14-Mar-15,281.88,2,0.011088,0.676167,,,,,,
13-Mar-15,285.34,2.01,0.010511,0.644822,,,,,,
12-Mar-15,294.35,2.04,0.010359,0.684608,,,,,,
11-Mar-15,296.38,2.03,0.010229,0.715782,,,,,,
10-Mar-15,291.76,2.01,0.010086,0.791843,,,,,,
9-Mar-15,289.61,1.94,0.010643,0.63489,,,,,,
8-Mar-15,274.35,1.89,0.009961,0.484062,,,,,,
7-Mar-15,276.26,1.91,0.010535,0.457321,,,,,,
6-Mar-15,272.72,1.9,0.010856,0.486039,,,,,,
5-Mar-15,276.18,1.92,0.011543,0.469626,,,,,,
4-Mar-15,273.09,1.93,0.010032,0.413151,,,,,,
3-Mar-15,281.7,1.96,0.010593,0.415078,,,,,,
2-Mar-15,275.67,1.94,0.012192,0.428434,,,,,,
1-Mar-15,260.2,1.89,0.012239,0.426028,,,,,,
28-Feb-15,254.26,1.84,0.012998,0.427227,,,,,,
27-Feb-15,253.83,1.85,0.01336,0.381008,,,,,,
26-Feb-15,236.43,1.81,0.013299,0.357721,,,,,,
25-Feb-15,237.47,1.8,0.013401,0.365243,,,,,,
24-Feb-15,238.74,1.83,0.013396,0.340267,,,,,,
23-Feb-15,238.89,1.82,0.013334,0.337887,,,,,,
22-Feb-15,235.98,1.8,0.01313,0.313139,,,,,,
21-Feb-15,244.53,1.85,0.013286,0.302557,,,,,,
20-Feb-15,243.78,1.85,0.013481,0.305673,,,,,,
19-Feb-15,240.28,1.85,0.013758,0.282791,,,,,,
18-Feb-15,236.33,1.83,0.013791,0.248507,,,,,,
17-Feb-15,243.61,1.85,0.014031,0.253231,,,,,,
16-Feb-15,233.84,1.8,0.01375,0.251039,,,,,,
15-Feb-15,234.82,1.84,0.013712,0.25138,,,,,,
14-Feb-15,257.32,1.94,0.014956,0.280322,,,,,,
13-Feb-15,235.43,1.82,0.014566,0.255641,,,,,,
12-Feb-15,221.76,1.76,0.014039,0.246741,,,,,,
11-Feb-15,219.19,1.73,0.013776,0.231497,,,,,,
10-Feb-15,219.84,1.76,0.013649,0.244719,,,,,,
9-Feb-15,220.11,1.73,0.013994,0.251738,,,,,,
8-Feb-15,223.41,1.78,0.014427,0.265034,,,,,,
7-Feb-15,227.75,1.78,0.014577,0.275702,,,,,,
6-Feb-15,222.27,1.76,0.015185,0.270772,,,,,,
5-Feb-15,217.11,1.74,0.014466,0.272273,,,,,,
4-Feb-15,226.85,1.79,0.013498,0.289486,,,,,,
3-Feb-15,227.27,1.82,0.013025,0.288734,,,,,,
2-Feb-15,238.23,1.88,0.01367,0.301242,,,,,,
1-Feb-15,226.97,1.8,0.014139,0.299954,,,,,,
31-Jan-15,217.46,1.87,0.014298,0.284363,,,,,,
30-Jan-15,226.43,1.9,0.014443,0.294018,,,,,,
29-Jan-15,233.51,1.92,0.014706,0.309911,,,,,,
28-Jan-15,233.91,1.87,0.01497,0.290979,,,,,,
27-Jan-15,263.48,2.09,0.015841,0.320371,,,,,,
26-Jan-15,273.47,2.08,0.016019,0.317078,,,,,,
25-Jan-15,253.72,2.25,0.016578,0.310227,,,,,,
24-Jan-15,247.85,1.84,0.016736,0.298369,,,,,,
23-Jan-15,232.88,1.43,0.016734,0.283141,,,,,,
22-Jan-15,233.41,1.42,0.01701,0.273442,,,,,,
21-Jan-15,226.9,1.37,0.016653,0.261268,,,,,,
20-Jan-15,211.31,1.32,0.016112,0.236223,,,,,,
19-Jan-15,214.86,1.34,0.015991,0.254181,,,,,,
18-Jan-15,210.34,1.33,0.015622,0.258656,,,,,,
17-Jan-15,199.26,1.29,0.015361,0.248057,,,,,,
16-Jan-15,208.1,1.4,0.016403,0.278449,,,,,,
15-Jan-15,209.84,1.28,0.016444,0.261714,,,,,,
14-Jan-15,178.1,1.16,0.014233,0.223522,,,,,,
13-Jan-15,225.86,1.54,0.015648,0.309479,,,,,,
12-Jan-15,267.8,1.71,0.018434,0.364316,,,,,,
11-Jan-15,265.66,1.72,0.018765,0.378748,,,,,,
10-Jan-15,274.8,1.65,0.019233,0.419216,,,,,,
9-Jan-15,290.41,1.98,0.020576,0.431801,,,,,,
8-Jan-15,283.35,2.01,0.020676,0.429175,,,,,,
7-Jan-15,294.34,2.12,0.020843,0.463607,,,,,,
6-Jan-15,286.19,2.11,0.020732,0.461609,,,,,,
5-Jan-15,274.47,2.08,0.020316,0.421412,,,,,,
4-Jan-15,264.19,1.96,0.018928,0.417234,,,,,,
3-Jan-15,281.08,2.13,0.022106,0.461172,,,,,,
2-Jan-15,315.03,2.67,0.024318,0.459137,,,,,,
1-Jan-15,314.25,2.7,0.02439,0.46576,,,,,,
31-Dec-14,320.19,2.72,0.024438,0.43466,,,,,,
30-Dec-14,310.74,2.7,0.0242,0.489046,,,,,,
29-Dec-14,312.67,2.69,0.024231,0.487799,,,,,,
28-Dec-14,317.24,2.73,0.023764,0.563872,,,,,,
27-Dec-14,315.86,2.72,0.024074,0.510573,,,,,,
26-Dec-14,327.92,2.78,0.025308,0.4337,,,,,,
25-Dec-14,319.01,2.7,0.024138,0.452427,,,,,,
24-Dec-14,322.53,2.74,0.023382,0.425367,,,,,,
23-Dec-14,334.57,2.88,0.023878,0.381093,,,,,,
22-Dec-14,331.89,2.89,0.025562,0.344799,,,,,,
21-Dec-14,320.84,2.85,0.024921,0.343806,,,,,,
20-Dec-14,329.96,2.92,0.024207,0.339099,,,,,,
19-Dec-14,317.84,2.87,0.023338,0.319859,,,,,,
18-Dec-14,311.4,2.81,0.02794,0.316383,,,,,,
17-Dec-14,319.78,2.94,0.026065,0.338319,,,,,,
16-Dec-14,327.06,3.02,0.021539,0.337857,,,,,,
15-Dec-14,345.35,3.45,0.018242,0.382897,,,,,,
14-Dec-14,351.63,3.48,0.017127,0.383506,,,,,,
13-Dec-14,347.38,3.48,0.016992,0.375961,,,,,,
12-Dec-14,352.54,3.49,0.016374,0.375733,,,,,,
11-Dec-14,350.51,3.48,0.016374,0.398488,,,,,,
10-Dec-14,346.37,3.5,0.015908,0.389659,,,,,,
9-Dec-14,352.22,3.52,0.015068,0.389608,,,,,,
8-Dec-14,361.91,3.65,0.013421,0.448344,,,,,,
7-Dec-14,375.1,3.71,0.014794,0.470556,,,,,,
6-Dec-14,374.79,3.61,0.014406,0.443703,,,,,,
5-Dec-14,376.85,3.62,0.013785,0.428893,,,,,,
4-Dec-14,369.6,3.59,0.013343,0.456468,,,,,,
3-Dec-14,375.01,3.61,0.01313,0.507566,,,,,,
2-Dec-14,381.31,3.63,0.013158,0.527409,,,,,,
1-Dec-14,379.25,3.58,0.012559,0.4745,,,,,,
30-Nov-14,378.05,3.58,0.011211,0.567552,,,,,,
29-Nov-14,375.49,3.59,0.013982,0.565711,,,,,,
28-Nov-14,376.45,3.6,0.015165,0.564761,,,,,,
27-Nov-14,369.67,3.56,0.014205,0.55754,,,,,,
26-Nov-14,368.37,3.56,0.011004,0.562741,,,,,,
25-Nov-14,375.35,3.57,0.00974,0.595471,,,,,,
24-Nov-14,376.9,3.63,0.008562,0.53174,,,,,,
23-Nov-14,367.57,3.59,0.008599,0.526897,,,,,,
22-Nov-14,352.92,3.52,0.007663,0.534829,,,,,,
21-Nov-14,350.85,3.5,0.006589,0.53249,,,,,,
20-Nov-14,357.84,3.61,0.006058,0.525171,,,,,,
19-Nov-14,380.56,3.81,0.005696,0.559003,,,,,,
18-Nov-14,375.2,3.77,0.005432,0.599073,,,,,,
17-Nov-14,387.41,3.88,0.00534,0.58478,,,,,,
16-Nov-14,387.88,3.88,0.005181,0.654531,,,,,,
15-Nov-14,376.13,3.85,0.005052,0.641145,,,,,,
14-Nov-14,397.82,3.99,0.005197,0.689225,,,,,,
13-Nov-14,420.74,4.1,0.005035,0.70453,,,,,,
12-Nov-14,423.56,4.07,0.005097,0.73232,,,,,,
11-Nov-14,367.69,3.68,0.004899,0.717955,,,,,,
10-Nov-14,366.92,3.7,0.004901,0.735697,,,,,,
9-Nov-14,363.26,3.63,0.004926,0.721369,,,,,,
8-Nov-14,345.49,3.56,0.004907,0.643877,,,,,,
7-Nov-14,342.42,3.56,0.004877,0.616295,,,,,,
6-Nov-14,349.29,3.65,0.004877,0.595903,,,,,,
5-Nov-14,339.49,3.64,0.004861,0.571982,,,,,,
4-Nov-14,330.49,3.59,0.004805,0.547635,,,,,,
3-Nov-14,327.55,3.58,0.00481,0.576323,,,,,,
2-Nov-14,325.89,3.59,0.004664,0.579494,,,,,,
1-Nov-14,325.75,3.57,0.004671,0.585832,,,,,,
31-Oct-14,338.32,3.75,0.004867,0.607218,,,,,,
30-Oct-14,345.31,3.79,0.00489,0.614064,,,,,,
29-Oct-14,335.59,3.73,0.004776,0.63306,,,,,,
28-Oct-14,357.62,3.85,0.004845,0.689257,,,,,,
27-Oct-14,352.99,3.81,0.004891,0.722831,,,,,,
26-Oct-14,354.7,3.73,0.004548,0.694402,,,,,,
25-Oct-14,347.27,3.67,0.004719,0.739802,,,,,,
24-Oct-14,358.35,3.75,0.005082,0.762157,,,,,,
23-Oct-14,358.42,3.74,0.005142,0.865496,,,,,,
22-Oct-14,383.16,3.84,0.005187,0.946716,,,,,,
21-Oct-14,386.48,3.94,0.005193,0.957783,,,,,,
20-Oct-14,382.85,3.91,0.005073,0.950394,,,,,,
19-Oct-14,389.55,3.99,0.004949,0.994436,,,,,,
18-Oct-14,391.44,4.06,0.004965,0.96583,,,,,,
17-Oct-14,383.76,3.99,0.004904,0.973198,,,,,,
16-Oct-14,382.56,3.99,0.004855,0.999458,,,,,,
15-Oct-14,394.77,4.06,0.004827,0.990811,,,,,,
14-Oct-14,400.87,4.08,0.004872,1.07,,,,,,
13-Oct-14,390.41,3.86,0.004784,1.1,,,,,,
12-Oct-14,378.55,3.85,0.004858,1.09,,,,,,
11-Oct-14,362.3,3.77,0.004753,1.08,,,,,,
10-Oct-14,361.56,3.81,0.004871,1.14,,,,,,
9-Oct-14,365.03,3.9,0.004824,1.11,,,,,,
8-Oct-14,352.94,3.91,0.004787,1.09,,,,,,
7-Oct-14,336.19,3.86,0.004765,1,,,,,,
6-Oct-14,330.08,3.82,0.00473,0.979703,,,,,,
5-Oct-14,320.51,3.7,0.004789,0.879503,,,,,,
4-Oct-14,328.87,3.94,0.004941,0.977628,,,,,,
3-Oct-14,359.51,4.18,0.005023,1.1,,,,,,
2-Oct-14,375.07,4.32,0.004874,1.19,,,,,,
1-Oct-14,383.62,4.43,0.004752,1.2,,,,,,
30-Sep-14,386.94,4.47,0.004644,1.22,,,,,,
29-Sep-14,375.47,4.25,0.004705,1.15,,,,,,
28-Sep-14,377.18,4.23,0.005282,1.22,,,,,,
27-Sep-14,399.52,4.42,0.004705,1.31,,,,,,
26-Sep-14,404.43,4.43,0.004616,1.39,,,,,,
25-Sep-14,411.57,4.51,0.004722,1.4,,,,,,
24-Sep-14,423.2,4.67,0.004668,1.51,,,,,,
23-Sep-14,435.79,4.75,0.004613,1.47,,,,,,
22-Sep-14,402.15,4.24,0.004657,1.26,,,,,,
21-Sep-14,398.82,4.25,0.00457,1.27,,,,,,
20-Sep-14,408.9,4.29,0.004772,1.27,,,,,,
19-Sep-14,394.8,4.33,0.004942,1.45,,,,,,
18-Sep-14,424.44,4.69,0.005135,1.57,,,,,,
17-Sep-14,457.33,5.06,0.005399,1.77,,,,,,
16-Sep-14,466.06,5.07,0.005124,1.84,,,,,,
15-Sep-14,475.37,5.18,0.00505,1.9,,,,,,
14-Sep-14,477.89,5.4,0.005136,1.82,,,,,,
13-Sep-14,479,5.45,0.004706,1.85,,,,,,
12-Sep-14,477.75,5.38,0.004713,1.88,,,,,,
11-Sep-14,479.75,5.45,0.004749,1.94,,,,,,
10-Sep-14,479.36,5.34,0.00475,1.97,,,,,,
9-Sep-14,475.26,5.07,0.004719,1.77,,,,,,
8-Sep-14,474.6,5.1,0.004711,1.87,,,,,,
7-Sep-14,482.28,5.16,0.004704,1.88,,,,,,
6-Sep-14,484.83,4.98,0.004795,1.95,,,,,,
5-Sep-14,483.34,4.96,0.004874,1.98,,,,,,
4-Sep-14,489.66,5.18,0.004805,2.05,,,,,,
3-Sep-14,477.59,4.87,0.004776,2.03,,,,,,
2-Sep-14,477.43,4.82,0.004641,1.96,,,,,,
1-Sep-14,474.88,4.71,0.005025,2.04,,,,,,
31-Aug-14,477.76,4.86,0.004887,2.17,,,,,,
30-Aug-14,504.25,5.23,0.004961,2.44,,,,,,
29-Aug-14,508.52,5.36,0.005017,2.21,,,,,,
28-Aug-14,507.81,5.28,0.005062,2.21,,,,,,
27-Aug-14,511.15,5.39,0.005015,2.01,,,,,,
26-Aug-14,511.57,5.54,0.004837,2.01,,,,,,
25-Aug-14,502.5,5.21,0.004974,2.05,,,,,,
24-Aug-14,508.29,5.45,0.005154,1.95,,,,,,
23-Aug-14,498.07,4.9,0.005016,1.81,,,,,,
22-Aug-14,514.04,5.25,0.005095,1.78,,,,,,
21-Aug-14,517.24,5.8,0.005117,1.82,,,,,,
20-Aug-14,511.98,5.45,0.005265,1.83,,,,,,
19-Aug-14,485.25,4.67,0.005051,1.65,,,,,,
18-Aug-14,461.46,3.71,0.004979,1.45,,,,,,
17-Aug-14,491.8,4.33,0.005177,1.46,,,,,,
16-Aug-14,519.71,4.98,0.005418,1.6,,,,,,
15-Aug-14,497.01,5.05,0.00541,1.59,,,,,,
14-Aug-14,505.97,5.04,0.005227,1.76,,,,,,
13-Aug-14,546.66,5.04,0.00497,1.9,,,,,,
12-Aug-14,569.64,5.65,0.005044,2,,,,,,
11-Aug-14,576.37,6.06,0.005214,2.08,,,,,,
10-Aug-14,591.06,6.95,0.004975,2.06,,,,,,
9-Aug-14,589.37,6.94,0.005242,2.1,,,,,,
8-Aug-14,592.58,7.06,0.005462,2.18,,,,,,
7-Aug-14,588.87,7.18,0.005343,2.14,,,,,,
6-Aug-14,584.65,7.18,0.005256,2.19,,,,,,
5-Aug-14,585.44,7.27,0.005104,2.15,,,,,,
4-Aug-14,588.78,7.41,0.004948,2.01,,,,,,
3-Aug-14,586.67,7.54,0.005215,2.36,,,,,,
2-Aug-14,589.33,7.63,0.005294,2.5,,,,,,
1-Aug-14,594.92,7.7,0.005369,2.67,,,,,,
31-Jul-14,586.24,7.54,0.005189,2.55,,,,,,
30-Jul-14,567.29,7.26,0.005097,2.54,,,,,,
29-Jul-14,584.73,7.65,0.006066,2.62,,,,,,
28-Jul-14,585.69,7.59,0.006157,2.7,,,,,,
27-Jul-14,593.85,7.75,0.006021,2.55,,,,,,
26-Jul-14,595.81,7.6,0.006041,2.62,,,,,,
25-Jul-14,601.09,7.55,0.006043,2.71,,,,,,
24-Jul-14,601.73,7.79,0.005929,2.36,,,,,,
23-Jul-14,619.41,8.46,0.006144,2.91,,,,,,
22-Jul-14,621.55,8.57,0.005643,3.2,,,,,,
21-Jul-14,622.21,8.59,0.005362,3.09,,,,,,
20-Jul-14,623.9,8.46,0.005383,2.63,,,,,,
19-Jul-14,628.51,8.61,0.005298,2.88,,,,,,
18-Jul-14,628.78,8.72,0.006364,2.62,,,,,,
17-Jul-14,623.09,8.66,0.006162,2.98,,,,,,
16-Jul-14,616.8,8.32,0.004898,2.71,,,,,,
15-Jul-14,621.59,8.56,0.004514,2.11,,,,,,
14-Jul-14,619.32,8.62,0.004367,1.97,,,,,,
13-Jul-14,626.5,8.9,0.004306,1.79,,,,,,
12-Jul-14,633.71,8.62,0.004317,1.73,,,,,,
11-Jul-14,632,7.85,0.004298,1.79,,,,,,
10-Jul-14,616.76,7.79,0.004074,1.89,,,,,,
9-Jul-14,624.51,7.79,0.003879,2.01,,,,,,
8-Jul-14,624.82,7.73,0.0033,2.35,,,,,,
7-Jul-14,624.09,7.56,0.003082,1.99,,,,,,
6-Jul-14,635.81,7.11,0.00281,2.4,,,,,,
5-Jul-14,631.46,7.28,0.003132,2.47,,,,,,
4-Jul-14,630.69,7.34,0.003246,2.64,,,,,,
3-Jul-14,645.16,8.03,0.00336,2.64,,,,,,
2-Jul-14,650.88,8.16,0.003484,2.31,,,,,,
1-Jul-14,640.81,7.79,0.003623,2.35,,,,,,
30-Jun-14,639.8,8.95,0.00378,2.5,,,,,,
29-Jun-14,602.72,8.96,0.004013,2.54,,,,,,
28-Jun-14,596.55,9.19,0.003923,2.55,,,,,,
27-Jun-14,597.26,9.25,0.003993,2.2,,,,,,
26-Jun-14,581.14,9.09,0.004051,2.89,,,,,,
25-Jun-14,566.34,9.19,0.003931,3.39,,,,,,
24-Jun-14,582.36,9.63,0.004049,3.28,,,,,,
23-Jun-14,593.98,9.72,0.004085,3.98,,,,,,
22-Jun-14,602.27,9.77,0.004187,4.35,,,,,,
21-Jun-14,594.99,9.83,0.00415,5.01,,,,,,
20-Jun-14,594.15,9.83,0.004188,4.56,,,,,,
19-Jun-14,598.07,9.99,0.00423,3.13,,,,,,
18-Jun-14,607.96,9.68,0.004247,2.79,,,,,,
17-Jun-14,610.86,9.66,0.004264,2.82,,,,,,
16-Jun-14,592.19,9.71,0.004173,3.18,,,,,,
15-Jun-14,592.94,9.94,0.004197,2.69,,,,,,
14-Jun-14,577.36,9.93,0.004017,2.34,,,,,,
13-Jun-14,600.16,10.25,0.004161,1.92,,,,,,
12-Jun-14,586.95,10.17,0.004048,1.74,,,,,,
11-Jun-14,633.02,10.94,0.004421,1.62,,,,,,
10-Jun-14,653.15,11.11,0.004547,1.73,,,,,,
9-Jun-14,649.16,11.18,0.004225,1.52,,,,,,
8-Jun-14,656.14,11.27,0.003974,1.34,,,,,,
7-Jun-14,654.97,11.11,0.003961,1.36,,,,,,
6-Jun-14,653.7,11.2,0.003916,1.24,,,,,,
5-Jun-14,659.26,11.29,0.003841,1.81,,,,,,
4-Jun-14,641.61,11.06,0.003952,1.93,,,,,,
3-Jun-14,667.61,11.48,0.004385,1.73,,,,,,
2-Jun-14,660.62,11.36,0.004339,1.74,,,,,,
1-Jun-14,630.23,11.14,0.004092,1.94,,,,,,
31-May-14,623.68,10.93,0.004146,1.57,,,,,,
30-May-14,615.33,11.25,0.004232,1.68,,,,,,
29-May-14,568.18,10.78,0.004791,2.27,,,,,,
28-May-14,577.06,11.03,0.005005,2.21,,,,,,
27-May-14,571.24,11.15,0.004643,3.02,,,,,,
26-May-14,583.42,11.56,0.003799,3.14,,,,,,
25-May-14,571.59,11.53,0.003646,3.7,,,,,,
24-May-14,525.14,11.1,0.004111,2.96,,,,,,
23-May-14,520.22,11.23,0.003315,2.1,,,,,,
22-May-14,524.58,10.67,0.003993,1.6,,,,,,
21-May-14,491.77,10.59,0.006669,,,,,,,
20-May-14,485.72,10.63,0.006711,,,,,,,
19-May-14,446.18,10.3,0.006034,,,,,,,
18-May-14,446.26,10.36,0.006004,,,,,,,
17-May-14,448.9,10.35,0.006487,,,,,,,
16-May-14,448.06,10.41,0.00691,,,,,,,
15-May-14,447.25,10.45,0.007099,,,,,,,
14-May-14,443.97,10.43,0.007154,,,,,,,
13-May-14,440.67,10.42,0.00634,,,,,,,
12-May-14,441.46,10.41,0.005937,,,,,,,
11-May-14,438.89,10.36,0.005754,,,,,,,
10-May-14,454.43,10.73,0.005975,,,,,,,
9-May-14,449.46,10.75,0.006063,,,,,,,
8-May-14,440.17,10.45,0.00608,,,,,,,
7-May-14,438.82,10.51,0.006351,,,,,,,
6-May-14,428.96,10.33,0.005973,,,,,,,
5-May-14,433.48,10.18,0.005214,,,,,,,
4-May-14,436.4,10.32,0.005024,,,,,,,
3-May-14,437.76,10.31,0.005024,,,,,,,
2-May-14,449.38,10.5,0.005315,,,,,,,
1-May-14,457.76,11.1,0.005413,,,,,,,
30-Apr-14,447.64,10.9,0.005364,,,,,,,
29-Apr-14,447.21,10.4,0.005362,,,,,,,
28-Apr-14,440.29,10.13,0.005139,,,,,,,
27-Apr-14,436.39,9.92,0.004859,,,,,,,
26-Apr-14,458.6,10.57,0.005394,,,,,,,
25-Apr-14,461.45,10.79,0.005491,,,,,,,
24-Apr-14,500.46,12.55,0.006069,,,,,,,
23-Apr-14,491.3,12.13,0.00611,,,,,,,
22-Apr-14,487.92,12.07,0.006059,,,,,,,
21-Apr-14,495.77,12.5,0.006142,,,,,,,
20-Apr-14,498.17,12.62,0.006214,,,,,,,
19-Apr-14,501.56,12.82,0.006473,,,,,,,
18-Apr-14,479.64,12.06,0.00621,,,,,,,
17-Apr-14,495.96,12.52,0.006339,,,,,,,
16-Apr-14,527.39,13.37,0.007023,,,,,,,
15-Apr-14,515.59,13.25,0.007719,,,,,,,
14-Apr-14,458.79,11.52,0.006518,,,,,,,
13-Apr-14,414.06,10.31,0.005987,,,,,,,
12-Apr-14,421.12,10.66,0.006257,,,,,,,
11-Apr-14,420.95,10.95,0.006582,,,,,,,
10-Apr-14,365.18,8.46,0.006318,,,,,,,
9-Apr-14,442.73,11.19,0.007866,,,,,,,
8-Apr-14,453.09,11.36,0.008013,,,,,,,
7-Apr-14,449.42,11.26,0.008035,,,,,,,
6-Apr-14,460.5,11.64,0.008247,,,,,,,
5-Apr-14,461.91,11.2,0.008324,,,,,,,
4-Apr-14,447.53,11.02,0.008094,,,,,,,
3-Apr-14,444.72,11.05,0.007944,,,,,,,
2-Apr-14,437.14,11.29,0.007922,,,,,,,
1-Apr-14,478.38,13.13,0.008757,,,,,,,
31-Mar-14,457,12.75,0.008785,,,,,,,
30-Mar-14,460.27,13.14,0.009653,,,,,,,
29-Mar-14,491.17,13.45,0.010338,,,,,,,
28-Mar-14,495.67,13.74,0.010551,,,,,,,
27-Mar-14,471.24,12.48,0.010226,,,,,,,
26-Mar-14,580.83,16.27,0.012594,,,,,,,
25-Mar-14,583.92,16.3,0.01283,,,,,,,
24-Mar-14,583.41,16.19,0.012871,,,,,,,
23-Mar-14,561.27,15.36,0.012651,,,,,,,
22-Mar-14,565.04,15.71,0.012954,,,,,,,
21-Mar-14,571.49,15.7,0.01325,,,,,,,
20-Mar-14,588.77,16.47,0.013638,,,,,,,
19-Mar-14,609.89,17.24,0.013963,,,,,,,
18-Mar-14,614.83,19.42,0.01405,,,,,,,
17-Mar-14,622.37,17.31,0.014112,,,,,,,
16-Mar-14,631.11,17.35,0.014306,,,,,,,
15-Mar-14,636.12,16.9,0.014345,,,,,,,
14-Mar-14,628.8,16.59,0.014198,,,,,,,
13-Mar-14,638.14,17.02,0.014333,,,,,,,
12-Mar-14,632.1,17.18,0.014353,,,,,,,
11-Mar-14,634.11,16.14,0.014279,,,,,,,
10-Mar-14,627.79,16.01,0.014745,,,,,,,
9-Mar-14,636.96,16,0.014745,,,,,,,
8-Mar-14,617.45,15.41,0.014404,,,,,,,
7-Mar-14,629.15,15.85,0.015009,,,,,,,
6-Mar-14,663.86,16.46,0.015921,,,,,,,
5-Mar-14,665.51,16.34,0.016008,,,,,,,
4-Mar-14,666.78,17.07,0.016135,,,,,,,
3-Mar-14,667.76,14.27,0.015596,,,,,,,
2-Mar-14,559.79,12.74,0.013543,,,,,,,
1-Mar-14,565.61,13.65,0.013799,,,,,,,
28-Feb-14,549.26,13.23,0.013666,,,,,,,
27-Feb-14,578.77,14.29,0.014153,,,,,,,
26-Feb-14,582.69,14.23,0.014093,,,,,,,
25-Feb-14,538.71,13.82,0.01299,,,,,,,
24-Feb-14,546.32,14.55,0.01359,,,,,,,
23-Feb-14,605.82,15.49,0.015412,,,,,,,
22-Feb-14,605.42,14.94,0.015682,,,,,,,
21-Feb-14,574.16,13.89,0.01507,,,,,,,
20-Feb-14,556.14,13.98,0.014251,,,,,,,
19-Feb-14,623.03,15.73,0.015237,,,,,,,
18-Feb-14,626.6,15.62,0.015286,,,,,,,
17-Feb-14,626.27,15.49,0.015293,,,,,,,
16-Feb-14,616.63,15.2,0.015338,,,,,,,
15-Feb-14,650.92,16.17,0.016083,,,,,,,
14-Feb-14,661.99,16.41,0.016367,,,,,,,
13-Feb-14,605.24,15.29,0.016079,,,,,,,
12-Feb-14,651.72,16.95,0.017174,,,,,,,
11-Feb-14,672.17,17.46,0.017681,,,,,,,
10-Feb-14,681.03,17.73,0.016677,,,,,,,
9-Feb-14,682.9,18.22,0.01739,,,,,,,
8-Feb-14,673.92,18.08,0.017487,,,,,,,
7-Feb-14,712.4,18.54,0.018377,,,,,,,
6-Feb-14,781.55,19.91,0.019752,,,,,,,
5-Feb-14,811.91,20.78,0.020357,,,,,,,
4-Feb-14,827.96,21.46,0.020997,,,,,,,
3-Feb-14,823.83,21.91,0.021402,,,,,,,
2-Feb-14,825.37,22.4,0.02156,,,,,,,
1-Feb-14,832.58,22.47,0.020698,,,,,,,
31-Jan-14,829.92,22.13,0.020504,,,,,,,
30-Jan-14,819.03,21.69,0.020337,,,,,,,
29-Jan-14,826,21.92,0.020337,,,,,,,
28-Jan-14,812.51,21.55,0.020605,,,,,,,
27-Jan-14,771.39,20.02,0.018967,,,,,,,
26-Jan-14,885.28,24.12,0.020129,,,,,,,
25-Jan-14,853.61,23.08,0.019141,,,,,,,
24-Jan-14,797.07,20.72,0.018126,,,,,,,
23-Jan-14,822.04,22.38,0.018534,,,,,,,
22-Jan-14,845.59,23.65,0.019389,,,,,,,
21-Jan-14,863.91,24.73,0.019927,,,,,,,
20-Jan-14,870.2,25.2,0.019856,,,,,,,
19-Jan-14,870.96,25.44,0.020875,,,,,,,
18-Jan-14,840,24.55,0.021278,,,,,,,
17-Jan-14,814.64,23.71,0.02053,,,,,,,
16-Jan-14,835.63,24.46,0.021024,,,,,,,
15-Jan-14,860.9,25.22,0.022221,,,,,,,
14-Jan-14,833.27,24.1,0.021186,,,,,,,
13-Jan-14,841.2,24.27,0.021664,,,,,,,
12-Jan-14,863.22,25.09,0.022044,,,,,,,
11-Jan-14,913.95,26.79,0.024019,,,,,,,
10-Jan-14,868.48,24.93,0.022837,,,,,,,
9-Jan-14,846.86,24.43,0.022368,,,,,,,
8-Jan-14,842.72,24.39,0.023227,,,,,,,
7-Jan-14,802,23.25,0.022986,,,,,,,
6-Jan-14,953.29,29.22,0.0257,,,,,,,
5-Jan-14,933.53,26.83,0.025229,,,,,,,
4-Jan-14,859.51,25.11,0.028129,,,,,,,
3-Jan-14,818.72,24.82,0.027627,,,,,,,
2-Jan-14,802.39,25.76,0.028726,,,,,,,
1-Jan-14,771.4,24.62,0.026944,,,,,,,
31-Dec-13,754.01,24.35,0.02733,,,,,,,
30-Dec-13,756.13,24.38,0.02746,,,,,,,
29-Dec-13,745.05,24.07,0.027218,,,,,,,
28-Dec-13,727.83,22.56,0.027303,,,,,,,
27-Dec-13,735.07,23.27,0.027076,,,,,,,
26-Dec-13,761.98,24.76,0.024385,,,,,,,
25-Dec-13,682.21,21.15,0.022042,,,,,,,
24-Dec-13,665.58,17.64,0.022575,,,,,,,
23-Dec-13,673.41,17.89,0.023702,,,,,,,
22-Dec-13,617.18,16.86,0.021716,,,,,,,
21-Dec-13,605.66,16.73,0.021684,,,,,,,
20-Dec-13,625.32,17.57,0.020851,,,,,,,
19-Dec-13,691.96,19.91,0.021073,,,,,,,
18-Dec-13,522.7,13.39,0.015852,,,,,,,
17-Dec-13,682.12,21.97,0.018313,,,,,,,
16-Dec-13,705.97,24.64,0.021565,,,,,,,
15-Dec-13,876.12,31.28,0.029137,,,,,,,
14-Dec-13,872.6,30.38,0.03194,,,,,,,
13-Dec-13,892.58,31.2,0.035145,,,,,,,
12-Dec-13,873.26,31.59,0.03465,,,,,,,
11-Dec-13,878.48,30.98,0.037937,,,,,,,
10-Dec-13,988.51,36.29,0.043784,,,,,,,
9-Dec-13,893.19,31.57,0.03893,,,,,,,
8-Dec-13,795.87,27.27,0.036456,,,,,,,
7-Dec-13,698.23,23.29,0.033066,,,,,,,
6-Dec-13,829.45,29.84,0.042211,,,,,,,
5-Dec-13,1045.11,37.75,0.055153,,,,,,,
4-Dec-13,1151.17,44.73,0.058692,,,,,,,
3-Dec-13,1078.28,39.79,0.048672,,,,,,,
2-Dec-13,1043.33,33.18,0.055252,,,,,,,
1-Dec-13,955.85,34.74,0.051497,,,,,,,
30-Nov-13,1129.43,40.47,0.038386,,,,,,,
29-Nov-13,1131.97,37.74,0.030986,,,,,,,
28-Nov-13,1031.95,43.39,0.028981,,,,,,,
27-Nov-13,1001.96,39.04,0.024096,,,,,,,
26-Nov-13,928.1,20.35,0.029913,,,,,,,
25-Nov-13,799.11,12.27,0.018208,,,,,,,
24-Nov-13,774.25,10.41,0.011668,,,,,,,
23-Nov-13,797.82,10.61,0.009798,,,,,,,
22-Nov-13,771.44,10.13,0.009717,,,,,,,
21-Nov-13,722.43,9.35,0.009935,,,,,,,
20-Nov-13,590.83,7.98,0.007467,,,,,,,
19-Nov-13,584.61,8.03,0.007225,,,,,,,
18-Nov-13,703.56,9.37,0.010918,,,,,,,
17-Nov-13,492.11,4.09,0.010209,,,,,,,
16-Nov-13,440.22,4.3,0.01014,,,,,,,
15-Nov-13,417.95,4.21,0.009685,,,,,,,
14-Nov-13,420.2,4.29,0.009646,,,,,,,
13-Nov-13,407.37,4.11,0.010846,,,,,,,
12-Nov-13,360.33,3.98,0.009557,,,,,,,
11-Nov-13,342.44,4,0.008681,,,,,,,
10-Nov-13,326.62,3.93,0.008609,,,,,,,
9-Nov-13,339.11,4.22,0.008653,,,,,,,
8-Nov-13,338.11,4.61,0.010722,,,,,,,
7-Nov-13,296.41,4.39,0.008939,,,,,,,
6-Nov-13,262.5,3.39,0.007776,,,,,,,
5-Nov-13,245.24,3.04,0.00715,,,,,,,
4-Nov-13,229.1,3.08,0.007011,,,,,,,
3-Nov-13,215.05,2.88,0.00716,,,,,,,
2-Nov-13,206.22,2.7,0.006814,,,,,,,
1-Nov-13,206.18,2.45,0.006353,,,,,,,
31-Oct-13,204,2.36,0.006073,,,,,,,
30-Oct-13,199.97,2.29,0.005854,,,,,,,
29-Oct-13,204.39,2.13,0.005998,,,,,,,
28-Oct-13,198.55,2.18,0.005942,,,,,,,
27-Oct-13,196.44,2.13,0.006842,,,,,,,
26-Oct-13,177.32,2.21,0.006064,,,,,,,
25-Oct-13,186.69,2.18,0.00686,,,,,,,
24-Oct-13,198.23,2.27,0.008596,,,,,,,
23-Oct-13,213.62,2.05,0.007873,,,,,,,
22-Oct-13,193.76,1.7,0.006845,,,,,,,
21-Oct-13,182.21,1.82,0.006634,,,,,,,
20-Oct-13,174.61,1.93,0.0067,,,,,,,
19-Oct-13,172.42,1.88,0.007252,,,,,,,
18-Oct-13,155.96,1.9,0.007942,,,,,,,
17-Oct-13,146.25,1.91,0.008343,,,,,,,
16-Oct-13,142.55,1.92,0.007305,,,,,,,
15-Oct-13,145.24,1.96,0.008051,,,,,,,
14-Oct-13,140.52,2.05,0.008489,,,,,,,
13-Oct-13,138.13,2.13,0.008412,,,,,,,
12-Oct-13,135.19,2.12,0.009382,,,,,,,
11-Oct-13,130.9,2.07,0.00897,,,,,,,
10-Oct-13,130.59,2.03,0.009861,,,,,,,
9-Oct-13,130.69,1.92,0.009663,,,,,,,
8-Oct-13,126,1.98,0.009451,,,,,,,
7-Oct-13,126.94,2.1,0.00924,,,,,,,
6-Oct-13,129,2.17,0.009819,,,,,,,
5-Oct-13,128.55,2.15,0.009488,,,,,,,
4-Oct-13,129.01,2.2,0.009873,,,,,,,
3-Oct-13,123.63,2.17,0.009112,,,,,,,
2-Oct-13,114.13,1.97,0.007862,,,,,,,
1-Oct-13,132.18,2.42,0.010529,,,,,,,
30-Sep-13,133,2.35,0.010932,,,,,,,
29-Sep-13,137.34,2.3,0.012868,,,,,,,
28-Sep-13,134.78,2.25,0.013835,,,,,,,
27-Sep-13,133.78,2.4,0.014566,,,,,,,
26-Sep-13,128.38,2.39,0.011713,,,,,,,
25-Sep-13,128.22,2.37,0.010433,,,,,,,
24-Sep-13,127.25,2.47,0.010448,,,,,,,
23-Sep-13,125.95,2.47,0.010008,,,,,,,
22-Sep-13,129.12,2.53,0.010406,,,,,,,
21-Sep-13,127.43,2.51,0.0097,,,,,,,
20-Sep-13,127.04,2.48,0.010113,,,,,,,
19-Sep-13,129.65,2.62,0.010958,,,,,,,
18-Sep-13,131.47,2.56,0.010782,,,,,,,
17-Sep-13,131.66,2.6,0.009613,,,,,,,
16-Sep-13,131.72,2.63,0.007056,,,,,,,
15-Sep-13,130.37,2.64,0.006472,,,,,,,
14-Sep-13,129.22,2.54,0.00634,,,,,,,
13-Sep-13,134.98,2.67,0.006513,,,,,,,
12-Sep-13,133.13,2.7,0.006349,,,,,,,
11-Sep-13,135.25,2.72,0.006273,,,,,,,
10-Sep-13,125.91,2.64,0.005808,,,,,,,
9-Sep-13,127.11,2.73,0.00627,,,,,,,
8-Sep-13,121.66,2.73,0.006183,,,,,,,
7-Sep-13,124.15,2.71,0.006173,,,,,,,
6-Sep-13,119.15,2.69,0.005866,,,,,,,
5-Sep-13,126.43,2.75,0.005715,,,,,,,
4-Sep-13,126.74,2.81,0.005695,,,,,,,
3-Sep-13,136.77,2.6,0.00567,,,,,,,
2-Sep-13,135.85,2.56,0.005528,,,,,,,
1-Sep-13,138.34,2.58,0.005787,,,,,,,
31-Aug-13,135.35,2.58,0.005632,,,,,,,
30-Aug-13,133.49,2.66,0.00593,,,,,,,
29-Aug-13,122.39,2.55,0.005763,,,,,,,
28-Aug-13,122.62,2.52,0.006246,,,,,,,
27-Aug-13,126.5,2.57,0.006452,,,,,,,
26-Aug-13,120.06,2.57,0.006417,,,,,,,
25-Aug-13,122.11,2.59,0.006104,,,,,,,
24-Aug-13,120.05,2.69,0.005546,,,,,,,
23-Aug-13,118.5,2.72,0.005139,,,,,,,
22-Aug-13,121.15,2.75,0.005143,,,,,,,
21-Aug-13,123.3,2.7,0.006131,,,,,,,
20-Aug-13,121.2,2.78,0.006098,,,,,,,
19-Aug-13,119,2.82,0.00526,,,,,,,
18-Aug-13,113.5,2.8,0.005617,,,,,,,
17-Aug-13,113.5,2.82,0.005671,,,,,,,
16-Aug-13,108.99,2.72,0.003134,,,,,,,
15-Aug-13,109.99,2.76,0.003092,,,,,,,
14-Aug-13,112.56,2.73,0.003788,,,,,,,
13-Aug-13,109,2.74,0.004245,,,,,,,
12-Aug-13,106.64,2.65,0.004449,,,,,,,
11-Aug-13,105,2.69,0.004415,,,,,,,
10-Aug-13,103,2.56,0.004314,,,,,,,
9-Aug-13,102.8,2.68,0.004291,,,,,,,
8-Aug-13,103,2.7,0.004254,,,,,,,
7-Aug-13,106.75,2.76,0.004417,,,,,,,
6-Aug-13,106.75,2.82,0.00468,,,,,,,
5-Aug-13,106.22,2.83,0.005613,,,,,,,
4-Aug-13,105.14,3.01,0.005882,,,,,,,
3-Aug-13,104,2.96,,,,,,,,
2-Aug-13,104.5,2.84,,,,,,,,
1-Aug-13,104,2.91,,,,,,,,
31-Jul-13,106.09,2.87,,,,,,,,
30-Jul-13,107.99,2.99,,,,,,,,
29-Jul-13,101.2,2.96,,,,,,,,
28-Jul-13,99.76,2.98,,,,,,,,
27-Jul-13,94.12,2.88,,,,,,,,
26-Jul-13,96.02,2.9,,,,,,,,
25-Jul-13,96.9,2.97,,,,,,,,
24-Jul-13,94.51,2.94,,,,,,,,
23-Jul-13,95.56,2.99,,,,,,,,
22-Jul-13,91.61,2.89,,,,,,,,
21-Jul-13,90.76,2.92,,,,,,,,
20-Jul-13,89.39,2.86,,,,,,,,
19-Jul-13,92.17,2.96,,,,,,,,
18-Jul-13,90.58,2.89,,,,,,,,
17-Jul-13,98.5,3.15,,,,,,,,
16-Jul-13,97.45,3.1,,,,,,,,
15-Jul-13,98.4,2.98,,,,,,,,
14-Jul-13,94.69,2.91,,,,,,,,
13-Jul-13,98.13,2.9,,,,,,,,
12-Jul-13,93.59,2.79,,,,,,,,
11-Jul-13,88.98,2.73,,,,,,,,
10-Jul-13,86.76,2.81,,,,,,,,
9-Jul-13,76.69,2.61,,,,,,,,
8-Jul-13,76.52,2.61,,,,,,,,
7-Jul-13,74.56,2.66,,,,,,,,
6-Jul-13,70.28,2.52,,,,,,,,
5-Jul-13,68.43,2.43,,,,,,,,
4-Jul-13,80.53,2.73,,,,,,,,
3-Jul-13,77.53,2.62,,,,,,,,
2-Jul-13,90.13,2.83,,,,,,,,
1-Jul-13,88.05,2.95,,,,,,,,
30-Jun-13,96.61,2.98,,,,,,,,
29-Jun-13,94.99,2.79,,,,,,,,
28-Jun-13,94.65,2.75,,,,,,,,
27-Jun-13,101.44,3.02,,,,,,,,
26-Jun-13,104,2.86,,,,,,,,
25-Jun-13,103.95,2.82,,,,,,,,
24-Jun-13,102.74,2.87,,,,,,,,
23-Jun-13,107.6,3.12,,,,,,,,
22-Jun-13,108.3,2.92,,,,,,,,
21-Jun-13,109.5,2.87,,,,,,,,
20-Jun-13,110.15,2.29,,,,,,,,
19-Jun-13,108.25,2.3,,,,,,,,
18-Jun-13,107.4,2.31,,,,,,,,
17-Jun-13,101.7,2.28,,,,,,,,
16-Jun-13,99.51,2.13,,,,,,,,
15-Jun-13,99.99,2.11,,,,,,,,
14-Jun-13,99.98,2.13,,,,,,,,
13-Jun-13,104,2.27,,,,,,,,
12-Jun-13,108.15,2.38,,,,,,,,
11-Jun-13,108.9,2.4,,,,,,,,
10-Jun-13,106.35,2.49,,,,,,,,
9-Jun-13,100,2.38,,,,,,,,
8-Jun-13,108.3,2.56,,,,,,,,
7-Jun-13,111.5,2.6,,,,,,,,
6-Jun-13,118,2.75,,,,,,,,
5-Jun-13,121.65,2.86,,,,,,,,
4-Jun-13,121.42,2.87,,,,,,,,
3-Jun-13,122.22,2.73,,,,,,,,
2-Jun-13,122.29,2.73,,,,,,,,
1-Jun-13,129.3,2.83,,,,,,,,
31-May-13,129,2.96,,,,,,,,
30-May-13,128.8,2.97,,,,,,,,
29-May-13,132.3,3.1,,,,,,,,
28-May-13,129,3.09,,,,,,,,
27-May-13,129.75,3.1,,,,,,,,
26-May-13,133.48,3.25,,,,,,,,
25-May-13,131.98,3.12,,,,,,,,
24-May-13,133.2,3.18,,,,,,,,
23-May-13,126.7,3.18,,,,,,,,
22-May-13,123.89,3.12,,,,,,,,
21-May-13,122.88,3.09,,,,,,,,
20-May-13,122,3.18,,,,,,,,
19-May-13,121.99,3.3,,,,,,,,
18-May-13,123.5,3.29,,,,,,,,
17-May-13,123.02,3.19,,,,,,,,
16-May-13,118.76,2.92,,,,,,,,
15-May-13,114.22,2.94,,,,,,,,
14-May-13,111.5,2.82,,,,,,,,
13-May-13,117.98,3.28,,,,,,,,
12-May-13,115,3.27,,,,,,,,
11-May-13,115.24,3.35,,,,,,,,
10-May-13,117.2,3.44,,,,,,,,
9-May-13,112.67,3.42,,,,,,,,
8-May-13,113.57,3.41,,,,,,,,
7-May-13,111.5,3.33,,,,,,,,
6-May-13,112.3,3.37,,,,,,,,
5-May-13,115.91,3.59,,,,,,,,
4-May-13,112.5,3.48,,,,,,,,
3-May-13,97.75,3.04,,,,,,,,
2-May-13,105.21,3.37,,,,,,,,
1-May-13,116.99,3.8,,,,,,,,
30-Apr-13,139,4.3,,,,,,,,
29-Apr-13,144.54,4.38,,,,,,,,
28-Apr-13,134.21,4.35,,,,,,,,
