,YYYY/MM/DD,BTC/USD,LTC/USD,XRP/USD,XMR/USD,ETH/USD,NEO/USD,IOTA/USD,XAU/USD_y
0,2/20/2018,11403.7,232.85,1.09,304.4,895.37,128.36,1.91,1344.935645
1,2/16/2018,10233.9,230.12,1.14,296.48,944.21,128.85,2.1,1357.459921
2,2/15/2018,10166.4,225.43,1.15,303.25,936.98,123.29,2.13,1356.944162
3,2/14/2018,9494.63,213.36,1.14,276.66,923.56,122.52,2.03,1333.404448
4,2/13/2018,8598.31,159.55,1.03,234.69,845.26,111.17,1.81,1328.903654
5,2/12/2018,8926.57,161.57,1.08,247.57,868.71,113.25,1.87,1323.907115
6,2/9/2018,8736.98,163.95,0.954428,260.43,883.87,117.57,1.96,1317.88769
7,2/8/2018,8265.59,149.47,0.805263,247.22,817.81,112.43,1.78,1319.888073
8,2/7/2018,7621.3,138.2,0.723895,207.28,757.07,102.5,1.6,1324.906925
9,2/6/2018,7754,142.99,0.776393,212.29,793.12,105.95,1.62,1337.416913
10,2/5/2018,6955.27,125.33,0.691799,179.49,697.95,82.37,1.45,1339.423244
11,2/2/2018,8830.75,131.38,0.884784,235.63,915.78,120.13,1.81,1338.921097
12,2/1/2018,9170.54,142.3,0.96253,240.97,1036.79,126,1.91,1343.435972
13,1/31/2018,10221.1,163.35,1.16,272.89,1118.31,145.76,2.31,1347.945058
14,1/30/2018,10106.3,165.28,1.14,274.02,1071.13,146.28,2.22,1350.931467
15,1/29/2018,11296.4,181.66,1.32,316.63,1182.36,168.14,2.58,1347.945058
16,1/26/2018,11171.4,176.73,1.22,323.69,1055.17,137.89,2.37,1358.954149
17,1/25/2018,11259.4,180.27,1.31,317.1,1056.03,138,2.37,1363.958754
18,1/24/2018,11359.4,179.99,1.36,317.4,1058.78,136.41,2.43,1360.951577
19,1/23/2018,10868.4,177.81,1.34,308.46,986.23,121.6,2.5,1335.916104
20,1/22/2018,10931.4,180.01,1.36,315.9,1003.26,123.66,2.47,1335.916104
21,1/19/2018,11607.4,192.96,1.55,364.62,1039.1,139.5,2.7,1337.416913
22,1/18/2018,11474.9,192.84,1.6,316.47,1036.28,142.66,2.75,1333.902465
23,1/17/2018,11188.6,186.52,1.31,319.19,1014.25,141.37,2.72,1338.921097
24,1/16/2018,11490.5,188.33,1.18,320.04,1053.69,145.3,2.6,1337.917932
25,1/15/2018,13819.8,232.77,1.68,414.57,1291.92,187.41,3.48,
26,1/12/2018,13980.6,236.86,2.04,394.78,1273.2,124.47,3.69,1330.902219
27,1/11/2018,13405.8,229.37,1.95,355.59,1154.93,108.3,3.37,1323.907115
28,1/10/2018,14973.3,250.52,1.97,407.74,1255.82,122.99,3.78,1322.891311
29,1/9/2018,14595.4,247.04,2.1,413.33,1299.74,126.94,3.54,1314.872523
30,1/8/2018,15170.1,255.76,2.46,405.07,1148.53,102.38,3.85,1322.891311
31,1/5/2018,17429.5,249.27,3.05,384.94,997.72,95.28,3.75,1322.383994
32,1/4/2018,15599.2,241.37,3.2,403.05,980.92,99.11,4.08,1318.89582
33,1/3/2018,15201,245.37,3.11,412.06,962.72,105.56,4.13,1319.888073
34,1/2/2018,14982.1,255.68,2.48,383.42,884.44,90.33,4,1316.881099
35,12/29/2017,14656.2,245.5,2.21,377.37,753.59,73.9,3.69,1302.863694
36,12/28/2017,14606.5,249.93,1.43,378.9,737.02,65.43,3.68,1296.848658
37,12/27/2017,15838.5,272.17,1.4,421.85,762.84,66.88,3.74,1287.830006
38,12/22/2017,13831.8,264.93,1.14,346.11,674.86,55.57,3.45,1273.804216
39,12/21/2017,15802.9,317.46,1.19,417.98,821.06,71.37,5.03,1268.794011
40,12/20/2017,16624.6,314.62,0.775964,469.2,819.09,75.62,5.09,1267.796696
41,12/19/2017,17776.7,350.25,0.791257,377.24,826.82,70.81,5.37,1265.806762
42,12/18/2017,19114.2,358.34,0.778407,381.51,794.64,77.22,4.24,1261.79781
43,12/15/2017,17706.9,299.78,0.756181,312.32,684.45,47.99,3.9,1261.781888
44,12/14/2017,16564,279.33,0.864263,325.21,695.82,50.62,3.78,1258.273146
45,12/13/2017,16408.2,302.6,0.471063,305.75,702.77,44.81,4.09,1247.769612
46,12/12/2017,17415.4,316.16,0.373541,308.07,651.43,40.41,4.72,1244.756463
47,12/11/2017,16936.8,214.2,0.251691,279.67,515.14,35.88,4.27,1250.265681
48,12/8/2017,16569.4,124.85,0.252125,276.74,456.03,36.27,5.01,1250.766094
49,12/7/2017,17899.7,98.29,0.222823,280.86,434.41,34.86,4.14,1256.281407
50,12/6/2017,14291.5,100.35,0.232544,278.69,428.59,35.16,4.36,1266.800948
51,12/5/2017,11916.7,102.4,0.246101,269.48,463.28,38.82,3.84,1272.313193
52,12/4/2017,11657.2,104.24,0.253571,210.24,470.2,42.17,2.76,1279.312242
53,12/1/2017,10975.6,99,0.255699,190.94,466.54,35.84,1.45,1277.318653
54,11/30/2017,10233.6,88.33,0.250878,180.14,447.11,32.96,1.33,1281.821212
55,11/29/2017,9888.61,85.57,0.243064,168.15,427.52,32.28,1.25,1290.33923
56,11/28/2017,10058.8,96.03,0.299152,203.21,472.9,38.08,1.5,1301.862966
57,11/27/2017,9818.35,91.6,0.253927,173.39,480.36,40.13,1.04,
58,11/24/2017,8253.69,77.97,0.244642,160.03,474.91,34.79,0.786914,
59,11/23/2017,8038.77,73.22,0.242402,158.61,410.17,34.9,0.793487,
60,11/22/2017,8253.55,71.89,0.238859,165.95,380.65,35.86,0.89957,1290.838916
61,11/21/2017,8071.26,70.03,0.233271,141.74,360.4,34.36,0.888499,1279.819801
62,11/20/2017,8200.64,72.25,0.238759,135.76,366.73,35.64,0.966548,1292.841536
63,11/17/2017,7708.99,67.57,0.226581,126.7,332.39,40.5,0.792462,1289.839931
64,11/16/2017,7871.69,71.06,0.227107,120.31,330.92,28.7,0.823941,1278.821438
65,11/15/2017,7315.54,63.82,0.212956,121.37,333.36,29.35,0.785823,1288.842491
66,11/14/2017,6635.75,62.68,0.209825,122.35,337.63,29.73,0.610332,1272.815213
67,11/10/2017,6618.14,59.26,0.206483,105.59,299.25,28.18,0.504601,1287.332647
68,11/9/2017,7143.58,64.27,0.217488,120.78,320.88,31.9,0.535435,1288.344349
69,11/8/2017,7459.69,62.57,0.217437,113.31,309.07,30.67,0.475925,1286.322533
70,11/7/2017,7144.38,61.3,0.210354,99.76,294.66,26.23,0.383096,1281.821212
71,11/6/2017,7022.76,55.17,0.20599,102.92,298.89,26.32,0.373939,1275.315003
72,11/3/2017,7207.76,56.18,0.208133,87.99,305.71,26.82,0.393126,1280.819725
73,11/2/2017,7078.5,54.74,0.205861,83.76,287.43,24.5,0.366056,1279.819801
74,11/1/2017,6767.31,53.18,0.194124,85.72,291.69,26.86,0.36392,1275.803118
75,10/31/2017,6468.4,55.75,0.200558,87.64,305.88,28.47,0.390915,1274.811009
76,10/30/2017,6130.53,56.39,0.202711,88.84,307.75,28.79,0.409046,1275.803118
77,10/27/2017,5780.9,55.33,0.202785,86.75,297.42,28.76,0.423355,1270.809506
78,10/26/2017,5904.83,55.74,0.203628,88.58,296.53,28.33,0.417107,1278.821438
79,10/25/2017,5750.8,56.49,0.204604,88.13,297.93,28.54,0.443448,1280.819725
80,10/24/2017,5526.64,55.96,0.206644,88.4,298.33,30.15,0.453682,1279.819801
81,10/23/2017,5930.32,54.92,0.196928,85.21,286.95,27.51,0.386487,1276.813075
82,10/20/2017,6011.45,60.33,0.210549,90.54,304.01,27.75,0.401913,1286.322533
83,10/19/2017,5708.52,59.74,0.21515,88.62,308.09,28.66,0.433388,1289.839931
84,10/18/2017,5590.69,60.73,0.21852,89.54,314.32,29.67,0.454575,1282.824266
85,10/17/2017,5605.51,59.48,0.232064,91.28,317.08,31.4,0.468463,1288.842491
86,10/16/2017,5725.59,64.62,0.256232,95.9,333.38,28.53,0.450655,1308.369641
87,10/13/2017,5647.21,59.43,0.260489,95.13,338.76,29.35,0.441595,1304.359168
88,10/12/2017,5446.91,60.11,0.248414,87.09,304.14,28.18,0.412417,1296.344309
89,10/11/2017,4826.48,50.89,0.264439,87.42,303.46,29.96,0.481464,1292.841536
90,10/10/2017,4781.99,50.72,0.260733,86.82,299.87,29.31,0.477576,1293.343163
91,10/6/2017,4370.81,52.12,0.234039,91.19,308.59,33.52,0.503448,1268.794011
92,10/5/2017,4328.41,51.67,0.237016,91.86,295.86,32.28,0.540915,1280.311372
93,10/4/2017,4229.36,51.4,0.214774,90.41,292.66,31.16,0.546982,1279.328608
94,10/3/2017,4317.48,52.35,0.203318,92.96,292.46,33.61,0.561712,1274.307414
95,10/2/2017,4409.32,53.38,0.202676,91.54,297.48,36.74,0.575398,1278.31467
96,9/29/2017,4163.07,52.62,0.193606,94.5,291.47,28.64,0.584418,1289.839931
97,9/28/2017,4174.73,54.09,0.196131,97.23,299.15,29.76,0.595896,1285.826336
98,9/27/2017,4200.67,56.28,0.203299,101.04,306.47,31.79,0.551005,1287.332647
99,9/26/2017,3892.35,51.55,0.186119,93.13,287.44,26.38,0.515205,1303.356142
100,9/25/2017,3926.07,51.58,0.181487,93.64,292.33,26.02,0.556207,1295.857145
101,9/22/2017,3630.7,48.09,0.17351,88.17,264.31,18.69,0.50601,1297.353399
102,9/21/2017,3631.04,46.61,0.171754,86.24,258.58,17.45,0.500724,1293.845178
103,9/20/2017,3905.95,51.73,0.182078,95.57,283.74,19.75,0.566627,1314.872523
104,9/19/2017,3924.97,52.84,0.184041,97.72,282.8,19.94,0.565168,1313.387357
105,9/18/2017,4065.2,55.53,0.189768,100.57,293.5,21.22,0.606233,1314.388612
106,9/15/2017,3637.52,48.21,0.181358,99.85,250.46,18.74,0.48051,1329.911029
107,9/14/2017,3154.95,41.58,0.164167,83.04,213.91,15.69,0.445019,1325.908247
108,9/13/2017,3882.59,61.73,0.200778,111.33,277.11,20.06,0.55682,1332.906803
109,9/12/2017,4130.81,64.23,0.209303,111.89,291.46,20.97,0.591949,1328.903654
110,9/11/2017,4161.27,66.04,0.214441,112.75,294.53,21.88,0.558273,1334.917435
111,9/8/2017,4228.75,67.79,0.211518,118.04,296.5,24.86,0.540475,1351.442665
112,9/7/2017,4599.88,78.48,0.22364,120.84,329.43,30.78,0.645758,1344.429357
113,9/6/2017,4597.12,80.11,0.226186,121.63,334.34,21.36,0.741663,1342.930812
114,9/5/2017,4376.53,71.29,0.215189,118.82,312.99,22.8,0.613085,1335.416583
115,9/1/2017,4892.01,86.04,0.248479,141.2,387.74,32.01,0.807778,1326.893477
116,8/31/2017,4703.39,71.06,0.25563,140.41,383.04,33.16,0.842424,1314.872523
117,8/30/2017,4565.3,64.17,0.228006,132.38,378.49,33.1,0.869647,1311.888332
118,8/29/2017,4579.02,63.17,0.218564,133.03,370.67,33.66,0.811961,1327.897805
119,8/28/2017,4382.66,62.36,0.224508,145.4,347.75,38.45,0.875197,1302.863694
120,8/25/2017,4371.6,51.18,0.217828,108.26,331.92,40.3,0.919635,1290.838916
121,8/24/2017,4334.68,50.19,0.218958,86.29,325.61,42.05,0.895101,1290.838916
122,8/23/2017,4151.52,53.25,0.246827,90.33,317.52,40,0.850371,1292.841536
123,8/22/2017,4100.52,46.73,0.239286,91.16,314.79,35.85,0.843775,1290.838916
124,8/21/2017,4001.74,47.94,0.191918,77.82,321.59,35.3,0.906269,1292.340299
125,8/18/2017,4160.62,47.28,0.158883,46.69,295.59,38.85,0.870147,1301.35471
126,8/17/2017,4331.69,43.91,0.157498,47.45,301.46,40.69,1.02,1288.842491
127,8/16/2017,4376.63,44.15,0.160431,48.78,302.27,45.54,1.05,1272.815213
128,8/15/2017,4181.93,43.31,0.161221,48.74,289.82,47.49,0.917949,1271.31034
129,8/14/2017,4325.13,45.8,0.169991,49.75,300.1,47.43,0.976404,1286.322533
130,8/11/2017,3650.62,47.1,0.179307,50.65,308.86,33.5,0.654872,1288.344349
131,8/10/2017,3381.28,46.5,0.180399,49.47,295.89,36.18,0.566456,1287.830006
132,8/9/2017,3342.47,48.01,0.182947,50.96,296.03,21.75,0.543328,1275.803118
133,8/8/2017,3419.94,48.63,0.192586,51.94,296.77,18.27,0.547637,1265.806762
134,8/4/2017,2895.89,43.45,0.173743,45.12,223.07,10.43,0.391286,1265.550451
135,8/3/2017,2804.73,42.86,0.174612,43.36,225.34,10.67,0.332352,1269.293258
136,8/2/2017,2710.67,42.13,0.173113,43.63,219.95,8.11,0.286116,1268.794011
137,8/1/2017,2718.26,43.04,0.177053,44.15,226.77,7.86,0.29022,1269.792897
138,7/31/2017,2875.34,43.02,0.167386,39.84,203.87,7.33,0.254732,1270.29293
139,7/28/2017,2809.01,40.61,0.165937,43.96,193.12,7.09,0.265118,1267.057765
140,7/27/2017,2671.78,42.14,0.173457,45.24,204.32,7.72,0.275467,1265.294244
141,7/26/2017,2529.45,42.23,0.173822,45.8,203.95,7.17,0.274598,1256.786648
142,7/25/2017,2576.48,42.24,0.178104,40.68,206.71,7.35,0.250453,1255.2879
143,7/24/2017,2754.86,44.41,0.192002,45.58,224.71,8.46,0.266447,1260.287093
144,7/21/2017,2667.76,45.76,0.182608,40.34,218.31,7.42,0.264134,1260.795562
145,7/20/2017,2817.6,45.02,0.188295,40.3,227.26,7.21,0.29246,1243.765625
146,7/19/2017,2273.43,40.86,0.168388,35.06,199.7,5.88,0.232212,1245.454093
147,7/18/2017,2318.88,44.3,0.188718,36.38,234.39,6.02,0.26734,1243.765625
148,7/17/2017,2228.41,42.67,0.177889,34.83,193.42,5.77,0.263105,1237.746312
149,7/14/2017,2233.34,42.8,0.190769,35.48,199.66,5.54,0.17535,1233.243307
150,7/13/2017,2357.9,46.33,0.200809,38.23,209.73,6.29,0.214589,1224.125057
151,7/12/2017,2398.84,48.75,0.205354,40.39,230.77,6.63,0.228758,1225.535253
152,7/11/2017,2337.79,45.33,0.185019,37.14,197.4,5.4,0.187596,1214.712599
153,7/10/2017,2372.56,46.58,0.203165,40.01,215.36,6.03,0.217061,1213.003396
154,7/7/2017,2518.66,46.58,0.23948,44.25,245.99,6.77,0.284565,1220.226474
155,7/6/2017,2608.56,51.13,0.254641,50.12,270.55,7.84,0.35388,1227.732011
156,7/5/2017,2601.99,53.19,0.256523,45.72,268.77,8.03,0.38013,1221.717246
157,7/4/2017,2601.64,55.33,0.254709,45.47,273.3,7.78,0.39639,
158,6/30/2017,2480.84,40.35,0.26293,43.73,294.92,8.73,0.401591,
159,6/29/2017,2539.32,41.07,0.265421,45.02,302.88,9.77,0.417798,1243.765625
160,6/28/2017,2574.79,42.85,0.280455,47.32,327.93,8.38,0.379136,1255.083087
161,6/27/2017,2552.45,40.54,0.276306,43.57,293.09,6.83,0.392269,1251.768122
162,6/26/2017,2478.45,41.13,0.277288,43.49,272.69,5.53,0.402438,1246.758428
163,6/23/2017,2744.91,47.34,0.319978,51.41,341.74,6.84,0.48091,1260.096523
164,6/22/2017,2705.41,47.71,0.297848,47.28,336.37,6.94,0.417742,1256.076269
165,6/21/2017,2689.1,47.79,0.296366,46.59,336.87,10.15,0.413547,1245.764401
166,6/20/2017,2721.79,47.22,0.324427,48.08,359,8,0.418494,1247.769612
167,6/19/2017,2589.6,50.32,0.296068,49.09,370.06,11.72,0.412183,1251.266908
168,6/16/2017,2518.56,35.7,0.262068,48.11,370.23,2.77,0.410757,1258.795836
169,6/15/2017,2464.58,30.22,0.259266,46.02,361.93,1.78,0.363661,1256.786648
170,6/14/2017,2506.37,30.22,0.278447,46.3,359.05,1.74,0.528916,1279.819801
171,6/13/2017,2717.02,30.64,0.266153,51.8,397.54,1.81,0.590255,1263.791121
172,6/12/2017,2659.63,29.5,0.253964,50.04,401.49,1.51,,1269.792897
173,6/9/2017,2823.81,29.68,0.286019,55.62,281.74,1.55,,1268.295158
174,6/8/2017,2805.62,30.21,0.289678,56.19,261.67,1.36,,1286.322533
175,6/7/2017,2732.16,28.39,0.279783,52.54,258.07,1.28,,1294.85038
176,6/6/2017,2863.2,30.55,0.284548,55.57,264.47,1.34,,1295.857145
177,6/5/2017,2686.81,30.84,0.294003,48.26,248.46,1.28,,1285.826336
178,6/2/2017,2488.55,28.94,0.303448,44,223.78,1.35,,1278.821438
179,6/1/2017,2407.88,28.8,0.333657,43.7,222.24,1.24,,1268.794011
180,5/31/2017,2286.41,25.3,0.24659,41.83,230.67,1.03,,1268.295158
181,5/30/2017,2175.47,24.14,0.205324,39.79,231.91,1.02,,1266.30366
182,5/29/2017,2255.61,25.21,0.23207,41.21,194.91,0.966765,,
183,5/26/2017,2202.42,23.75,0.271808,38.71,160.4,0.826549,,1270.809506
184,5/25/2017,2304.98,29.9,0.246065,40.12,174.45,1.11,,1259.033566
185,5/24/2017,2443.64,34.45,0.29589,45.38,190.05,1.76,,1255.776572
186,5/23/2017,2320.42,32.11,0.323368,55.62,181.95,0.877157,,1265.598502
187,5/19/2017,1987.71,27.7,0.327801,31.87,129.53,0.63186,,1258.273146
188,5/18/2017,1888.65,28.36,0.364869,30.33,96.91,0.539481,,1261.988894
189,5/17/2017,1839.09,25.4,0.394132,26.93,89.86,0.531643,,1255.776572
190,5/16/2017,1734.45,23.33,0.349861,26.26,89.44,0.463667,,1237.746312
191,5/15/2017,1738.43,25.37,0.27072,27.79,92.41,0.470057,,1238.252083
192,5/12/2017,1724.24,27.45,0.206068,28.68,88.66,0.487684,,1233.745404
193,5/11/2017,1848.57,30.72,0.183135,29.51,89.88,0.481077,,1223.735575
194,5/10/2017,1787.13,31.96,0.186066,29.84,89.52,0.503894,,1226.226533
195,5/9/2017,1755.36,33.58,0.160074,28.66,91.16,0.44937,,1223.735575
196,5/8/2017,1723.35,28.96,0.198212,30.47,91.42,0.496572,,1232.741617
197,5/5/2017,1555.45,26.27,0.09355,28.45,94.4,0.576426,,1230.738936
198,5/4/2017,1537.67,23.39,0.078914,25.99,96.98,0.500309,,1230.239282
199,5/3/2017,1490.09,21.04,0.06049,25.2,79.72,0.343782,,1254.783863
200,5/2/2017,1452.82,15.89,0.053908,23.04,77.26,0.314833,,1257.086827
201,5/1/2017,1421.6,15.92,0.055115,22.77,76.3,0.318838,,1266.800948
202,4/28/2017,1316.48,14.34,0.044475,22.35,70.16,0.229255,,1268.60086
203,4/27/2017,1317.73,14.62,0.034816,21.21,62.17,0.202092,,1268.295158
204,4/26/2017,1281.08,14.85,0.032797,19.37,52.72,0.184577,,1265.806762
205,4/25/2017,1265.49,15.21,0.032346,19.65,49.89,0.183504,,1268.794011
206,4/24/2017,1250.15,14.97,0.031384,19.56,50.03,0.173758,,1271.811568
207,4/21/2017,1222.05,11.23,0.03278,20.29,48.22,0.178122,,1285.826336
208,4/20/2017,1229.08,10.33,0.029984,20.24,49.67,0.184725,,1282.824266
209,4/19/2017,1210.29,9.66,0.030173,20.39,48.31,0.189408,,1285.826336
210,4/18/2017,1211.67,10.32,0.033183,21.06,50.71,0.180479,,1289.141561
211,4/17/2017,1193.91,10.42,0.033655,20.56,48.3,0.191489,,1290.638995
212,4/13/2017,1169.28,10.15,0.034383,21.48,50.22,0.191686,,1289.839931
213,4/12/2017,1200.37,10.79,0.034336,21.76,46.29,0.195553,,1275.803118
214,4/11/2017,1205.01,8.85,0.032952,21.36,43.41,0.197826,,1264.798138
215,4/10/2017,1187.13,8.92,0.033598,21.83,43.44,0.207874,,1254.783863
216,4/7/2017,1176.9,9.37,0.036319,19.39,42.16,0.188531,,1266.496112
217,4/6/2017,1182.68,10.25,0.032665,19.27,43.24,0.18643,,1255.587364
218,4/5/2017,1124.78,11.09,0.035544,19.62,45.3,0.184719,,1252.787452
219,4/4/2017,1133.25,8.29,0.037455,21.35,44.64,0.185002,,1259.794905
220,4/3/2017,1143.81,8.07,0.033023,20.33,44.36,0.199703,,1248.766843
221,3/31/2017,1071.79,6.67,0.020889,20.54,50.04,0.203541,,1249.063203
222,3/30/2017,1026.43,6.98,0.013276,20.88,52.21,0.210556,,1248.673285
223,3/29/2017,1039.97,4.19,0.010101,21.14,53.13,0.212428,,1255.035831
224,3/28/2017,1047.15,4.16,0.009514,19.81,50.77,0.220632,,1260.096523
225,3/27/2017,1045.77,4.08,0.009597,19.66,49.67,0.186426,,1262.785705
226,3/24/2017,937.52,4.08,0.010518,21.1,53.11,0.166465,,1247.069387
227,3/23/2017,1038.59,3.98,0.010582,21.82,43.68,0.166412,,1257.782529
228,3/22/2017,1049.14,3.94,0.007301,21.42,42.34,0.173143,,1251.768122
229,3/21/2017,1120.54,4.01,0.006909,21.29,43.15,0.164934,,1240.04861
230,3/20/2017,1054.23,4.03,0.006975,22.51,43.39,0.153898,,1234.735581
231,3/17/2017,1100.23,4.06,0.006116,22.35,46.83,0.139902,,1232.741617
232,3/16/2017,1187.81,4.24,0.006394,22.48,46.35,0.131867,,1234.491698
233,3/15/2017,1249.61,4.16,0.006314,18.98,35.06,0.128653,,1203.6881
234,3/14/2017,1240,4.06,0.006381,17.76,28.65,0.133681,,1205.705398
235,3/13/2017,1231.92,4.17,0.006385,18.13,28.59,0.136979,,1207.204597
236,3/10/2017,1116.72,3.75,0.006227,13.21,19.33,0.131476,,1207.204597
237,3/9/2017,1188.49,3.84,0.006498,13.03,17.75,0.132026,,1209.701809
238,3/8/2017,1150,3.78,0.006509,12.47,16.65,0.116242,,1210.199562
239,3/7/2017,1223.54,3.82,0.006534,13.53,18.89,0.122573,,1223.226627
240,3/6/2017,1272.83,3.92,0.006057,15.41,19.61,0.12345,,1234.735581
241,3/3/2017,1274.99,3.92,0.006339,13.91,19.46,0.122444,,1230.738936
242,3/2/2017,1251.01,3.92,0.005991,13.11,19.03,0.119301,,1240.448546
243,3/1/2017,1222.5,3.8,0.005408,12.33,17.35,0.135197,,1240.248546
244,2/28/2017,1179.97,3.77,0.005536,12.28,15.82,0.117443,,1258.795836
245,2/27/2017,1179.97,3.8,0.005609,11.96,15.4,0.115376,,1259.033566
246,2/24/2017,1173.68,3.85,0.005701,11.92,13.07,0.121185,,1262.785705
247,2/23/2017,1166.72,3.84,0.005895,12.87,13.12,0.118724,,1249.562653
248,2/22/2017,1117.44,3.81,0.00586,12.77,12.6,0.121959,,1238.742924
249,2/21/2017,1115.3,3.78,0.005832,12.34,12.67,0.121561,,1231.436101
250,2/17/2017,1046.21,3.83,0.005935,13.3,12.68,0.122661,,1244.260847
251,2/16/2017,1027.44,3.79,0.006027,13.1,12.9,0.126088,,1239.495278
252,2/15/2017,1007.48,3.81,0.006147,13.62,12.92,0.112729,,1224.724743
253,2/14/2017,1004.55,3.77,0.006278,12.99,13.03,0.116603,,1236.246755
254,2/13/2017,990.64,3.72,0.006251,12.2,11.27,0.118286,,1228.727653
255,2/10/2017,988.67,3.78,0.006289,11.98,11.28,0.125761,,1229.241189
256,2/9/2017,994.38,3.8,0.006374,12.12,11.03,0.127476,,1242.760918
257,2/8/2017,1063.07,4.02,0.006438,12.8,11.43,0.129568,,1243.765625
258,2/7/2017,1061.35,4.04,0.006407,12.65,11.52,0.133135,,1232.741617
259,2/6/2017,1038.15,4.04,0.00645,12.88,11.39,0.126788,,1231.238996
260,2/3/2017,1029.91,4.08,0.006474,12.86,11.11,0.134264,,1219.72044
261,2/2/2017,1011.8,4.09,0.006469,13.14,10.82,0.145699,,1224.724743
262,2/1/2017,989.02,4.08,0.00654,13.27,10.73,0.147218,,1207.700297
263,1/31/2017,970.4,4.08,0.006314,12.99,10.73,0.147016,,1208.692919
264,1/30/2017,920.38,4.02,0.006381,12.71,10.57,0.15376,,1196.687569
265,1/27/2017,919.75,3.86,0.006415,12.1,10.54,0.130343,,1188.664892
266,1/26/2017,917.59,3.83,0.00669,11.98,10.59,0.133612,,1192.662739
267,1/25/2017,901.54,3.71,0.006513,11.83,10.57,0.124216,,1200.192031
268,1/24/2017,892.69,3.79,0.00654,11.81,10.63,0.120213,,1217.211369
269,1/23/2017,921.01,3.84,0.006697,12.25,10.82,0.129948,,1215.214485
270,1/20/2017,895.03,3.89,0.006675,11.91,10.6,0.117809,,1206.447254
271,1/19/2017,899.07,3.86,0.007034,12.15,10.4,0.116619,,1201.691982
272,1/18/2017,886.62,3.84,0.006709,12.05,10.23,0.123035,,1214.712599
273,1/17/2017,907.94,3.94,0.0068,12.39,10.3,0.116638,,1218.724483
274,1/16/2017,831.53,3.9,0.006788,10.64,9.64,0.119649,,
275,1/13/2017,823.98,3.89,0.006596,11.27,9.77,0.121321,,1196.673248
276,1/12/2017,804.83,3.96,0.006423,11.85,9.86,0.124122,,1203.6881
277,1/11/2017,777.76,3.85,0.006411,11.64,9.72,0.115138,,1190.674636
278,1/10/2017,907.68,4.59,0.006698,13.39,10.55,0.133864,,1186.464809
279,1/9/2017,902.83,4.3,0.006167,13.74,10.33,0.123767,,1182.662173
280,1/6/2017,902.2,3.86,0.006315,14.03,10.25,0.135472,,1176.650547
281,1/5/2017,1013.38,4.29,0.006201,16.19,10.25,0.13107,,1179.356543
282,1/4/2017,1154.73,4.84,0.00657,18.53,11.25,0.136734,,1166.629723
283,1/3/2017,1043.84,4.63,0.006386,16.09,9.73,0.140422,,1152.100279
284,12/30/2016,961.24,4.39,0.006426,12.97,8.16,0.147527,,1160.617913
285,12/29/2016,973.5,4.56,0.006341,13.13,8.28,0.14095,,1148.60674
286,12/28/2016,975.92,4.57,0.006173,14.09,7.52,0.150689,,1141.591607
287,12/23/2016,921.98,4.66,0.006286,9.55,7.17,0.137593,,1132.566963
288,12/22/2016,864.54,3.71,0.006363,8.9,7.58,0.155065,,1132.566963
289,12/21/2016,834.28,3.65,0.006445,8.28,7.91,0.167117,,1141.591607
290,12/20/2016,800.88,3.66,0.0065,8.43,7.66,0.120868,,1132.566963
291,12/19/2016,792.71,3.66,0.006545,8.63,7.64,0.121387,,1141.891429
292,12/16/2016,784.91,3.63,0.00671,8.51,7.86,0.114432,,1138.576097
293,12/15/2016,778.09,3.62,0.006662,8.42,7.83,0.109837,,1134.571529
294,12/14/2016,781.48,3.62,0.006705,8.41,8.27,0.121008,,1169.631683
295,12/13/2016,780.56,3.65,0.006708,8.11,8.42,0.127959,,1163.616053
296,12/12/2016,780.09,3.66,0.006778,8.05,8.52,0.129977,,1164.11725
297,12/9/2016,772.79,3.69,0.007135,7.95,8.45,0.13007,,1168.633867
298,12/8/2016,770.81,3.69,0.007097,7.79,8.23,0.134429,,1175.336734
299,12/7/2016,768.13,3.62,0.006851,7.89,8.38,0.13745,,1181.153515
300,12/6/2016,764.22,3.54,0.006655,7.54,7.87,0.136097,,1174.136129
301,12/5/2016,758.7,3.53,0.006434,7.91,6.82,0.141459,,1170.028549
302,12/2/2016,777.94,3.95,0.00666,8.23,7.76,0.141991,,1176.650547
303,12/1/2016,756.77,3.91,0.006702,8.58,8.45,0.140114,,1170.644908
304,11/30/2016,745.69,3.89,0.006723,8.95,8.59,0.144636,,1183.656077
305,11/29/2016,735.6,3.87,0.00678,7.6,8.17,0.149953,,1186.366279
306,11/28/2016,735.81,3.88,0.007008,7.89,8.72,0.167994,,1191.469081
307,11/25/2016,741.65,3.92,0.006902,7.54,9.4,0.174514,,
308,11/24/2016,740.29,3.91,0.00695,7.81,9.23,0.171955,,
309,11/23/2016,744.59,3.93,0.007061,7.91,9.84,0.167085,,1196.673248
310,11/22/2016,751.35,3.95,0.007434,7.69,9.91,0.168892,,1217.715323
311,11/21/2016,739.25,3.94,0.007566,6.8,9.62,0.173476,,1216.707832
312,11/18/2016,751.59,3.96,0.007778,6.72,9.48,0.172177,,1215.716787
313,11/17/2016,740.98,3.94,0.007727,6.79,9.99,0.17328,,1227.732011
314,11/16/2016,744.2,4.02,0.007842,6.58,10.06,0.162529,,1228.727653
315,11/15/2016,711.62,3.89,0.007881,7.3,10.22,0.173875,,1225.730535
316,11/14/2016,705.02,3.88,0.008098,7.71,9.97,0.183786,,1219.72044
317,11/10/2016,715.53,3.82,0.008136,6.1,10.52,0.168272,,1280.622895
318,11/9/2016,723.27,3.86,0.008079,6.19,10.66,0.159859,,1305.875132
319,11/8/2016,709.85,3.84,0.008206,6.32,10.83,0.161594,,1284.323547
320,11/7/2016,703.13,3.84,0.008108,5.74,10.81,0.173087,,1289.839931
321,11/4/2016,703.24,3.88,0.008157,4.85,11.09,0.175917,,1307.873398
322,11/3/2016,688.7,3.86,0.008021,4.89,10.8,0.173534,,1295.857145
323,11/2/2016,740.83,4.1,0.008222,4.51,10.75,0.197941,,1300.356298
324,11/1/2016,729.79,4.09,0.008102,4.71,10.77,0.211322,,1290.838916
325,10/31/2016,700.97,3.99,0.008196,5.12,11,0.228251,,1276.307897
326,10/28/2016,689.65,3.97,0.008143,5.73,11.09,0.151552,,1274.502307
327,10/27/2016,688.31,4.02,0.008481,6.21,11.5,0.127426,,1273.058268
328,10/26/2016,678.3,3.96,0.008835,6.17,11.53,0.129615,,1275.054827
329,10/25/2016,657.59,3.9,0.008891,6.09,11.41,0.135712,,1270.196118
330,10/24/2016,653.76,3.87,0.009065,6.42,11.97,0.093762,,1273.317629
331,10/21/2016,632.83,3.81,0.009029,6.78,12.18,0.080181,,1269.792897
332,10/20/2016,630.86,3.78,0.009092,6.56,12.1,0.092682,,1273.804216
333,10/19/2016,630.52,3.8,0.008627,6.62,12.02,0.117084,,1272.815213
334,10/18/2016,637.96,3.84,0.00835,6.57,12.59,0.19744,,1261.79781
335,10/17/2016,639.19,3.91,0.00803,6.28,12.01,0.192747,,1255.776572
336,10/14/2016,640.38,3.9,0.008767,6.92,11.94,0.191014,,1254.028567
337,10/13/2016,636.79,3.91,0.007982,6.91,11.96,0.185407,,1261.288532
338,10/12/2016,636.19,3.76,0.007949,7.31,11.93,0.186052,,1258.273146
339,10/11/2016,641.07,3.82,0.008234,7.28,11.79,0.193575,,1258.795836
340,10/7/2016,617.12,3.86,0.007377,6.89,12.67,0.20284,,1264.798138
341,10/6/2016,613.02,3.85,0.007382,7.18,12.85,0.180059,,1259.287243
342,10/5/2016,612.51,3.84,0.007435,6.76,13.04,0.289392,,1274.811009
343,10/4/2016,610.2,3.82,0.007853,7.65,13.28,0.185843,,1295.857145
344,10/3/2016,612.13,3.84,0.008089,7.95,13.45,0.178713,,1315.876044
345,9/30/2016,609.74,3.84,0.00883,8.41,13.22,0.184939,,1330.902219
346,9/29/2016,605.69,3.85,0.008914,8.71,13.07,0.191738,,1320.881821
347,9/28/2016,604.73,3.84,0.009048,9.4,13.27,0.194798,,1327.897805
348,9/27/2016,606.17,3.85,0.008229,9.31,13.1,0.197913,,1331.912627
349,9/26/2016,608.04,3.86,0.007963,9.4,12.82,0.202491,,1343.92345
350,9/23/2016,602.84,3.81,0.007211,10.77,13.33,0.243237,,1338.921097
351,9/22/2016,596.3,3.77,0.006843,10.16,13.25,0.252723,,1339.925768
352,9/21/2016,597.15,3.84,0.006829,9.92,13.77,0.303794,,1327.404261
353,9/20/2016,608.31,3.84,0.006785,11.15,14.43,0.312621,,1316.881099
354,9/19/2016,609.23,3.83,0.006858,10.56,13.19,0.331296,,1317.88769
355,9/16/2016,606.97,3.81,0.007446,8.91,12.56,0.388858,,1312.887302
356,9/15/2016,607.15,3.81,0.008303,9.41,11.94,0.349832,,1320.393477
357,9/14/2016,610.68,3.83,0.005961,10.51,11.92,0.325127,,1322.891311
358,9/13/2016,609.24,3.82,0.005886,10.88,11.92,0.309509,,1329.911029
359,9/12/2016,608.24,3.82,0.005897,10.03,11.89,0.374598,,1327.897805
360,9/9/2016,622.86,3.97,0.005869,12.43,11.65,0.558478,,1337.917932
361,9/8/2016,626.32,3.99,0.005902,12.74,11.35,,,1346.43867
362,9/7/2016,614.54,3.97,0.005892,11.83,11.55,,,1353.454693
363,9/6/2016,610.44,3.97,0.005912,12.46,11.69,,,1337.416913
364,9/2/2016,575.54,3.82,0.00597,10.21,12.11,,,1325.908247
365,9/1/2016,572.3,3.83,0.005984,8,11.99,,,1311.871122
366,8/31/2016,575.47,3.8,0.006012,8.58,11.67,,,1310.375554
367,8/30/2016,577.5,3.8,0.006026,8.49,11.23,,,1320.899268
368,8/29/2016,574.11,3.76,0.006131,8.5,10.98,,,1322.891311
369,8/26/2016,579.65,3.83,0.00603,4.18,11.3,,,1331.912627
370,8/25/2016,577.76,3.8,0.006079,4.15,11.36,,,1323.907115
371,8/24/2016,580.18,3.86,0.006052,4.42,11.04,,,1332.906803
372,8/23/2016,583.41,3.93,0.006019,4.72,11.03,,,1347.945058
373,8/22/2016,586.75,3.66,0.006,3.99,11.12,,,1344.935645
374,8/19/2016,575.63,3.6,0.006119,2.3,10.75,,,1344.935645
375,8/18/2016,574.32,3.61,0.006122,2.19,10.76,,,1352.941972
376,8/17/2016,573.22,3.6,0.006109,2.24,10.75,,,1349.946677
377,8/16/2016,577.44,3.64,0.00614,2.2,11.14,,,1349.946677
378,8/15/2016,567.24,3.58,0.006045,2.18,11.22,,,1340.913967
379,8/12/2016,587.56,3.71,0.006123,1.95,11.78,,,1355.950589
380,8/11/2016,589.12,3.74,0.006189,1.98,11.69,,,1349.946677
381,8/10/2016,592.1,3.72,0.006194,2.01,12.14,,,1354.958471
382,8/9/2016,587.8,3.76,0.006163,2.05,12.24,,,1338.921097
383,8/8/2016,591.05,3.79,0.006027,1.9,11.25,,,1339.925768
384,8/5/2016,575.04,3.73,0.006447,1.79,10.93,,,1350.438893
385,8/4/2016,578.29,3.75,0.005816,1.85,11.04,,,1366.474905
386,8/3/2016,566.36,3.72,0.005646,1.57,10.29,,,1363.456635
387,8/2/2016,547.47,3.64,0.00569,1.49,8.79,,,1366.474905
388,7/29/2016,656.99,4.08,0.006111,1.89,12.79,,,1349.946677
389,7/28/2016,655.03,3.97,0.005974,1.85,12.84,,,1343.92345
390,7/27/2016,654.35,3.96,0.005969,1.94,12.97,,,1334.917435
391,7/26/2016,651.78,3.97,0.005998,1.83,11.99,,,1324.906925
392,7/25/2016,654.1,4.03,0.006246,1.85,13.84,,,1323.907115
393,7/22/2016,650.62,4.04,0.006303,1.83,14.66,,,1326.893477
394,7/21/2016,665.01,4.12,0.006416,1.74,12.65,,,1319.888073
395,7/20/2016,665.68,4.13,0.006395,1.76,12.45,,,1319.888073
396,7/19/2016,672.86,4.15,0.006405,1.9,11.62,,,1331.912627
397,7/18/2016,673.11,4.15,0.006482,1.95,11.03,,,1333.404448
398,7/15/2016,663.25,4.16,0.006442,1.99,11.95,,,1331.912627
399,7/14/2016,658.08,4.15,0.006385,2.01,11.51,,,1324.906925
400,7/13/2016,654.47,4.14,0.006411,1.93,10.5,,,1343.92345
401,7/12/2016,664.55,4.15,0.00635,1.99,10.52,,,1348.945125
402,7/11/2016,647.66,4.09,0.006534,1.98,10.46,,,1356.944162
403,7/8/2016,666.52,4.22,0.006715,1.98,11.39,,,1355.950589
404,7/7/2016,640.56,4.11,0.006598,1.9,10.11,,,1361.952495
405,7/6/2016,677.33,4.47,0.006691,1.94,10.53,,,1372.985144
406,7/5/2016,670.63,4.45,0.006699,1.73,10.61,,,1351.935972
407,7/4/2016,683.66,4.54,0.007028,1.71,11.47,,,
408,6/30/2016,673.34,4.19,0.006657,1.61,12.46,,,1322.891311
409,6/29/2016,639.89,4.06,0.006777,1.55,12.61,,,1324.906925
410,6/28/2016,647,4.1,0.006773,1.49,12.18,,,1317.88769
411,6/27/2016,655.27,4.12,0.006398,1.48,13.88,,,1329.911029
412,6/24/2016,665.3,4.28,0.006434,1.59,14.33,,,1332.906803
413,6/23/2016,623.98,3.85,0.006381,1.56,13.68,,,1266.800948
414,6/22/2016,596.12,3.91,0.006495,1.5,13.1,,,1269.792897
415,6/21/2016,666.65,4.82,0.006172,1.61,13.31,,,1277.824631
416,6/20/2016,737.23,5.29,0.006626,1.83,11.84,,,1284.835091
417,6/17/2016,748.91,5.59,0.006693,1.75,15.38,,,1295.857145
418,6/16/2016,766.31,5.66,0.006676,1.58,20.59,,,1315.876044
419,6/15/2016,694.47,5.24,0.006887,1.46,18.35,,,1286.835671
420,6/14/2016,685.56,5.2,0.007105,1.39,18.89,,,1291.83945
421,6/13/2016,704.38,5.29,0.005824,1.28,17.6,,,1289.839931
422,6/10/2016,577.47,4.84,0.005736,1.15,13.91,,,1276.813075
423,6/9/2016,574.63,4.69,0.005788,1.11,14.4,,,1262.785705
424,6/8/2016,581.64,4.75,0.00577,0.999952,14.42,,,1261.288532
425,6/7/2016,576.6,4.77,0.00578,1.01,14.51,,,1241.757832
426,6/6/2016,585.54,4.96,0.005769,1.01,13.93,,,1247.769612
427,6/3/2016,569.19,4.86,0.005827,0.945202,13.85,,,1242.760918
428,6/2/2016,537.97,4.72,0.005766,0.92668,13.74,,,1214.712599
429,6/1/2016,536.92,4.74,0.005809,0.914871,14,,,1219.72044
430,5/31/2016,531.39,4.65,0.005706,0.928747,14.08,,,1215.214485
431,5/30/2016,533.86,4.67,0.005748,0.910537,12.73,,,
432,5/27/2016,473.46,4.5,0.005679,0.859091,11.3,,,1218.724483
433,5/26/2016,453.38,4.08,0.005669,0.860175,12.43,,,1234.232678
434,5/25/2016,449.6,4.05,0.005756,0.865887,12.53,,,1224.724743
435,5/24/2016,445.98,3.95,0.005962,0.901127,12.73,,,1242.760918
436,5/20/2016,442.68,3.88,0.006084,0.942222,13.64,,,1260.795562
437,5/19/2016,438.71,3.83,0.006032,0.853595,14.77,,,1248.766843
438,5/18/2016,454.62,4,0.006028,0.840542,13.56,,,1270.809506
439,5/17/2016,453.78,3.98,0.006023,0.813343,12.2,,,1276.813075
440,5/16/2016,454.16,4.01,0.006022,0.818356,11.17,,,1288.842491
441,5/13/2016,455.67,3.93,0.006109,0.847763,10.51,,,1271.811568
442,5/12/2016,454.77,3.86,0.006167,0.875668,10.06,,,1277.824631
443,5/11/2016,452.73,3.88,0.006189,0.85971,10,,,1277.824631
444,5/10/2016,450.89,3.82,0.006272,0.829463,9.36,,,1264.798138
445,5/9/2016,460.48,4.06,0.006399,0.825393,9.3,,,1275.803118
446,5/6/2016,459.6,3.82,0.006399,0.877466,9.35,,,1288.842491
447,5/5/2016,447.98,3.71,0.006193,0.906841,9.83,,,1285.826336
448,5/4/2016,446.72,3.75,0.006323,0.916455,9.41,,,1287.830006
449,5/3/2016,450.3,3.74,0.00656,0.908237,9.31,,,1297.841689
450,5/2/2016,444.67,3.68,0.006714,0.964395,10.16,,,1297.858533
451,4/29/2016,455.1,3.81,0.006759,0.883684,7.46,,,1287.830006
452,4/28/2016,449.01,3.79,0.006686,0.904794,7.17,,,1259.794905
453,4/27/2016,444.69,3.89,0.006725,0.941531,7.76,,,1252.771758
454,4/26/2016,466.09,4.05,0.007095,0.884295,7.4,,,1245.764401
455,4/25/2016,461.43,3.81,0.007283,0.953362,7.55,,,1237.746312
456,4/22/2016,445.74,3.32,0.007284,0.980429,7.82,,,1245.764401
457,4/21/2016,449.43,3.35,0.007433,0.977233,8.1,,,1272.815213
458,4/20/2016,441.39,3.28,0.007244,1.06,8.47,,,1253.777003
459,4/19/2016,435.51,3.29,0.007118,1.11,8.71,,,1256.786648
460,4/18/2016,428.59,3.24,0.006987,1.11,9.04,,,1241.757832
461,4/15/2016,429.71,3.28,0.006424,0.990145,8.24,,,1230.738936
462,4/14/2016,424.28,3.24,0.006289,1.01,8.39,,,1237.746312
463,4/13/2016,423.73,3.24,0.005695,1.03,8.04,,,1249.765669
464,4/12/2016,425.19,3.26,0.005885,0.955986,7.44,,,1262.785705
465,4/11/2016,422.48,3.24,0.006048,1.02,8.64,,,1253.777003
466,4/8/2016,420.35,3.22,0.006671,1.24,9.72,,,1235.74262
467,4/7/2016,422.75,3.25,0.006875,1.5,10.07,,,1239.756512
468,4/6/2016,423.41,3.26,0.007296,1.51,10.69,,,1223.226627
469,4/5/2016,424.03,3.25,0.007474,1.52,10.44,,,1237.746312
470,4/4/2016,421.44,3.25,0.007491,1.6,11.16,,,1224.724743
471,4/1/2016,417.96,3.24,0.007418,1.46,11.66,,,1220.718026
472,3/31/2016,416.73,3.26,0.007391,1.4,11.4,,,1241.757832
473,3/30/2016,414.82,3.22,0.007332,1.45,11.95,,,1235.74262
474,3/29/2016,416.52,3.23,0.007566,1.49,11.66,,,1231.739462
475,3/28/2016,424.23,3.26,0.007564,1.49,11.67,,,1225.730535
476,3/24/2016,416.39,3.22,0.00823,1.7,11.23,,,1224.724743
477,3/23/2016,418.04,3.24,0.008332,1.45,12.42,,,1224.724743
478,3/22/2016,418.09,3.23,0.00811,1.39,11.27,,,1254.783863
479,3/21/2016,413.31,3.2,0.008047,1.49,11.86,,,1247.769612
480,3/18/2016,409.55,3.17,0.008119,1.15,11,,,1256.786648
481,3/17/2016,420.62,3.31,0.008287,1.3,11.08,,,1269.792897
482,3/16/2016,417.01,3.31,0.008178,1.15,12.52,,,1231.739462
483,3/15/2016,416.83,3.31,0.008186,1.14,13.01,,,1234.735581
484,3/14/2016,416.44,3.3,0.008479,1.12,12.45,,,1254.783863
485,3/11/2016,421.69,3.38,0.008803,1.1,11.08,,,1269.792897
486,3/10/2016,417.13,3.29,0.00819,1.09,11.3,,,1266.800948
487,3/9/2016,414.86,3.28,0.008056,1.24,11.9,,,1253.777003
488,3/8/2016,413.97,3.25,0.007949,1.19,9.85,,,1274.811009
489,3/7/2016,414.32,3.27,0.007918,1.07,9.55,,,1272.815213
490,3/4/2016,410.94,3.25,0.008096,1.1,10.41,,,1266.800948
491,3/3/2016,421.65,3.32,0.008162,1.09,9.29,,,1244.756463
492,3/2/2016,423.99,3.37,0.00803,0.827633,8.47,,,1237.746312
493,3/1/2016,435.12,3.43,0.008006,0.847996,7.65,,,1243.765625
494,2/29/2016,437.7,3.45,0.007923,0.870503,6.34,,,1233.745404
495,2/26/2016,432.15,3.42,0.008058,0.813595,5.92,,,1229.740033
496,2/25/2016,424.54,3.37,0.008027,0.806427,6.1,,,1229.740033
497,2/24/2016,424.95,3.37,0.008076,0.801251,6.24,,,1247.769612
498,2/23/2016,420.74,3.4,0.00797,0.756528,5.59,,,1222.718102
499,2/22/2016,437.75,3.48,0.00805,0.77803,5.62,,,1210.697725
500,2/19/2016,420.79,3.25,0.008245,0.819088,4.74,,,1230.738936
501,2/18/2016,422.37,3.25,0.007995,0.774533,4.4,,,1209.701809
502,2/17/2016,416.32,3.24,0.008138,0.733156,3.76,,,1210.697725
503,2/16/2016,407.49,3.21,0.008451,0.935744,4.32,,,1215.716787
504,2/12/2016,384.26,3.11,0.007979,0.612499,5.55,,,1239.756512
505,2/11/2016,379.65,3.08,0.007815,0.516381,6.01,,,1242.760918
506,2/10/2016,381.65,3.1,0.007853,0.480424,4.44,,,1190.674636
507,2/9/2016,376.03,3.08,0.007815,0.46485,4.04,,,1198.68145
508,2/8/2016,373.45,3.06,0.007991,0.481636,3.18,,,1187.662561
509,2/5/2016,386.55,3.14,0.007262,0.496352,2.54,,,1150.60234
510,2/4/2016,389.59,3.16,0.00697,0.507164,2.58,,,1157.608381
511,2/3/2016,369.95,3.05,0.006883,0.491974,2.53,,,1131.567334
512,2/2/2016,374.45,3.08,0.006768,0.501037,2.44,,,1130.569468
513,2/1/2016,373.06,3.08,0.006542,0.497962,2.21,,,1125.555743
514,1/29/2016,379.47,3.11,0.00684,0.51825,2.49,,,1116.544963
515,1/28/2016,380.29,3.12,0.006226,0.563129,2.53,,,1122.548634
516,1/27/2016,394.97,3.29,0.006506,0.61087,2.39,,,1120.548621
517,1/26/2016,392.15,3.15,0.005419,0.584982,2.28,,,1116.544963
518,1/25/2016,391.73,3.13,0.005135,0.581354,2.5,,,1109.533108
519,1/22/2016,382.49,3.08,0.005114,0.536995,1.5,,,1096.503251
520,1/21/2016,410.26,3.22,0.005313,0.549362,1.55,,,1102.523677
521,1/20/2016,420.23,3.39,0.005381,0.535095,1.53,,,1102.523677
522,1/19/2016,380.15,3.02,0.005271,0.545904,1.37,,,1090.500649
523,1/18/2016,387.17,3.05,0.005326,0.502346,1.43,,,
524,1/15/2016,364.33,3,0.005229,0.428456,1.21,,,1096.503251
525,1/14/2016,430.31,3.47,0.005529,0.486483,1.19,,,1086.484137
526,1/13/2016,432.37,3.48,0.005794,0.484302,1.13,,,1087.488445
527,1/12/2016,435.69,3.49,0.005854,0.490113,1.14,,,1089.502642
528,1/11/2016,448.43,3.56,0.005895,0.482049,1.06,,,1105.534305
529,1/8/2016,453.23,3.57,0.005933,0.488417,0.986789,,,1105.021216
530,1/7/2016,458.05,3.6,0.006039,0.492529,0.942005,,,1105.534305
531,1/6/2016,429.11,3.45,0.006003,0.505053,0.95086,,,1090.500649
532,1/5/2016,431.96,3.47,0.006044,0.499272,0.950176,,,1077.981157
533,1/4/2016,433.09,3.5,0.005958,0.517388,0.95448,,,1080.485354
534,12/31/2015,430.57,3.48,0.00604,0.470402,0.933542,,,1063.954293
535,12/30/2015,426.62,3.46,0.006182,0.441028,0.911958,,,1063.445137
536,12/29/2015,432.98,3.5,0.006264,0.45616,0.873054,,,1074.471629
537,12/24/2015,454.99,3.64,0.005971,0.490058,0.863262,,,
538,12/23/2015,442.4,3.58,0.006021,0.482244,0.858077,,,1072.374559
539,12/22/2015,436.57,3.42,0.006193,0.480099,0.864202,,,1075.465408
540,12/21/2015,438.64,3.46,0.006269,0.488745,0.900771,,,1075.465408
541,12/18/2015,463.62,3.76,0.006387,0.499438,0.920127,,,1061.447177
542,12/17/2015,456.08,3.74,0.006694,0.501231,0.940701,,,1062.450862
543,12/16/2015,454.93,3.7,0.006755,0.518993,0.991182,,,1076.484203
544,12/15/2015,465.32,3.83,0.006684,0.556358,1.01,,,1065.461984
545,12/14/2015,444.18,3.61,0.007614,0.534761,0.993022,,,1074.968288
546,12/11/2015,451.94,3.84,0.008441,0.458294,0.929762,,,1066.461906
547,12/10/2015,415.48,3.66,0.008444,0.431434,0.840396,,,1074.968288
548,12/9/2015,417.56,3.67,0.008523,0.452073,0.792167,,,1086.495942
549,12/8/2015,415.56,3.69,0.006775,0.42936,0.822118,,,1077.48171
550,12/7/2015,395.54,3.65,0.00556,0.421295,0.811264,,,1083.494052
551,12/4/2015,363.18,3.36,0.004754,0.370805,0.840041,,,1075.465408
552,12/3/2015,361.05,3.38,0.004262,0.366891,0.812143,,,1057.440149
553,12/2/2015,359.19,3.34,0.004173,0.368688,0.82121,,,1061.447177
554,12/1/2015,362.49,3.43,0.00409,0.376028,0.8748,,,1071.375003
555,11/30/2015,377.32,3.62,0.004201,0.395225,0.873119,,,1064.463936
556,11/27/2015,358.04,3.58,0.004276,0.386268,0.867951,,,
557,11/26/2015,352.68,3.61,0.004291,0.404663,0.884183,,,
558,11/25/2015,328.21,3.34,0.004318,0.387684,0.863537,,,
559,11/24/2015,320.05,3.11,0.004242,0.390148,0.900191,,,1076.403091
560,11/23/2015,323.05,3.12,0.004288,0.391113,0.946969,,,1070.503351
561,11/20/2015,322.02,3.12,0.004227,0.389316,0.92492,,,1081.747672
562,11/19/2015,326.15,3.13,0.004222,0.407052,0.955532,,,1082.602577
563,11/18/2015,334.59,3.19,0.004258,0.415567,0.993319,,,1067.748652
564,11/17/2015,335.09,3.2,0.00425,0.428999,1.01,,,1079.202685
565,11/16/2015,330.75,3.19,0.004234,0.435954,0.928962,,,1084.751646
566,11/13/2015,336.75,3.23,0.004477,0.452619,0.904096,,,1081.50199
567,11/12/2015,338.15,3.28,0.004541,0.443275,0.895711,,,1087.405668
568,11/10/2015,336.82,3.12,0.004406,0.460954,0.934348,,,1087.098317
569,11/9/2015,380.26,3.4,0.004609,0.472776,0.999278,,,1089.597612
570,11/6/2015,374.47,3.55,0.004562,0.439195,0.926032,,,1088.8976
571,11/5/2015,386.35,3.96,0.004506,0.43253,0.895637,,,1106.304831
572,11/4/2015,411.56,4.23,0.004947,0.505869,0.89905,,,1114.702932
573,11/3/2015,403.42,4.59,0.005383,0.442707,1.01,,,1123.103359
574,11/2/2015,361.19,4.16,0.005156,0.442886,0.989789,,,1134.005421
575,10/30/2015,328.01,4.06,0.004839,0.456442,1.04,,,1142.347982
576,10/29/2015,313.86,3.78,0.004634,0.447103,1.21,,,1148.593547
577,10/28/2015,304.62,3.1,0.004675,0.448829,1,,,1179.606955
578,10/27/2015,293.79,3.09,0.004649,0.409574,0.869641,,,1165.70496
579,10/26/2015,285.3,3.1,0.004675,0.38796,0.731317,,,1166.398395
580,10/23/2015,276.5,3.11,0.004677,0.393922,0.539657,,,1161.251364
581,10/22/2015,274.02,3.11,0.004723,0.403236,0.567702,,,1166.997316
582,10/21/2015,266.27,3.08,0.004697,0.394597,0.447329,,,1167.106277
583,10/20/2015,269.46,3.09,0.004731,0.399646,0.434829,,,1177.745324
584,10/19/2015,263.44,3.05,0.005043,0.403212,0.489014,,,1175.405809
585,10/16/2015,262.87,3.11,0.005398,0.411511,0.536495,,,1180.846667
586,10/15/2015,254.32,3.1,0.005399,0.390841,0.561878,,,1184.244807
587,10/14/2015,251.99,3.14,0.005418,0.384266,0.522968,,,1173.901815
588,10/13/2015,249.51,3.18,0.005377,0.388015,0.607655,,,1165.202396
589,10/9/2015,243.93,3.11,0.004983,0.397329,0.650628,,,1151.556328
590,10/8/2015,242.3,3.06,0.005031,0.387872,0.621716,,,1140.003876
591,10/7/2015,242.97,3.06,0.005375,0.393186,0.609388,,,1144.59693
592,10/6/2015,246.06,3.15,0.005328,0.411378,0.650645,,,1147.499598
593,10/5/2015,240.38,3.02,0.005008,0.416151,0.628643,,,1139.744013
594,10/2/2015,237.29,2.99,0.005868,0.409897,0.678574,,,1140.745135
595,10/1/2015,237.55,3,0.005448,0.404696,0.690215,,,1119.006322
596,9/30/2015,236.06,3.01,0.00552,0.399882,0.738644,,,1113.995121
597,9/29/2015,236.69,2.97,0.005579,0.435817,0.661146,,,1132.105376
598,9/28/2015,239.14,3.07,0.006293,0.448998,0.582886,,,1131.055388
599,9/25/2015,235.14,2.89,0.00665,0.451515,0.736223,,,1146.644345
600,9/24/2015,234.53,2.93,0.00671,0.468678,0.81361,,,1154.494447
601,9/23/2015,230.28,2.87,0.006668,0.464606,0.893406,,,1131.3497
602,9/22/2015,230.62,2.84,0.007168,0.471829,0.901796,,,1122.901578
603,9/21/2015,227.09,2.8,0.007247,0.480452,0.919047,,,1133.247207
604,9/18/2015,232.97,2.96,0.007529,0.50044,0.853685,,,1141.500388
605,9/17/2015,229.81,2.91,0.007372,0.494782,0.874231,,,1117.505727
606,9/16/2015,229.09,2.8,0.007426,0.509974,0.907175,,,1117.605642
607,9/15/2015,230.3,2.82,0.00772,0.502379,0.94441,,,1105.950011
608,9/14/2015,230.64,2.84,0.007404,0.482289,0.875622,,,1104.801467
609,9/11/2015,240.11,2.96,0.008444,0.495325,0.982978,,,1101.248816
610,9/10/2015,238.48,2.95,0.007663,0.497247,1.17,,,1109.496178
611,9/9/2015,238.17,2.92,0.007678,0.506011,1.21,,,1109.853277
612,9/8/2015,243.61,3.05,0.007831,0.517402,1.24,,,1121.151647
613,9/4/2015,230.3,2.7,0.007355,0.467874,1.27,,,1118.255521
614,9/3/2015,227.18,2.63,0.007431,0.45929,1.26,,,1128.006136
615,9/2/2015,229.28,2.8,0.0077,0.468083,1.29,,,1137.747033
616,9/1/2015,228.12,2.82,0.007815,0.458517,1.35,,,1142.295786
617,8/31/2015,230.06,2.84,0.007884,0.467238,1.36,,,
618,8/28/2015,231.4,2.91,0.007433,0.481627,1.19,,,1134.996482
619,8/27/2015,224.77,2.87,0.007551,0.465475,1.15,,,1119.006322
620,8/26/2015,225.83,2.95,0.007492,0.496679,1.16,,,1120.749557
621,8/25/2015,221.61,2.94,0.007126,0.490286,1.14,,,1137.501138
622,8/24/2015,210.5,2.99,0.007397,0.434871,1.23,,,1166.493637
623,8/21/2015,232.57,3.57,0.007881,0.568307,1.4,,,1156.497201
624,8/20/2015,235.35,3.61,0.007872,0.597797,1.46,,,1147.697146
625,8/19/2015,226.68,3.48,0.007758,0.534101,1.26,,,1126.15149
626,8/18/2015,211.08,3.47,0.007552,0.493284,1.09,,,1111.444544
627,8/17/2015,257.98,3.98,0.008301,0.610122,1.2,,,1118.793493
628,8/14/2015,265.68,4.03,0.008337,0.609906,1.83,,,1118.255521
629,8/13/2015,264.08,3.88,0.008147,0.575855,1.83,,,1116.744467
630,8/12/2015,266.38,3.99,0.008271,0.622923,1.22,,,1118.993801
631,8/11/2015,270.39,4.16,0.008591,0.603582,1.07,,,1108.254278
632,8/10/2015,264.47,3.95,0.00875,0.656576,0.708448,,,1096.996424
633,8/7/2015,279.58,4.21,0.008152,0.742292,2.77,,,1093.50567
634,8/6/2015,278.58,4.06,0.008024,0.729102,,,,1089.751972
635,8/5/2015,281.88,4.35,0.008224,0.618616,,,,1085.104767
636,8/4/2015,285.22,4.38,0.008271,0.618406,,,,1090.655266
637,7/31/2015,284.65,4.64,0.008437,0.574956,,,,1098.394148
638,7/30/2015,287.72,4.58,0.008491,0.583228,,,,1087.500272
639,7/29/2015,289.59,4.8,0.008519,0.589967,,,,1090.250976
640,7/28/2015,294.43,5.06,0.008449,0.615015,,,,1096.202754
641,7/27/2015,293.62,4.67,0.008562,0.59605,,,,1100.0011
642,7/24/2015,288.28,4.6,0.007656,0.576016,,,,1080.800657
643,7/23/2015,276.05,3.78,0.007487,0.570335,,,,1097.405733
644,7/22/2015,277.22,3.82,0.007579,0.57342,,,,1088.601256
645,7/21/2015,275.83,3.77,0.007711,0.587578,,,,1105.595418
646,7/20/2015,278.98,3.94,0.007948,0.547709,,,,1104.594006
647,7/17/2015,279.47,3.79,0.008026,0.535182,,,,1132.797898
648,7/16/2015,278.09,3.69,0.008062,0.536325,,,,1144.400449
649,7/15/2015,285.83,4.21,0.008516,0.541855,,,,1147.394268
650,7/14/2015,287.46,4.65,0.008631,0.570033,,,,1157.394012
651,7/13/2015,292.05,4.68,0.008569,0.572132,,,,1154.0015
652,7/10/2015,284.89,4.51,0.008847,0.520876,,,,1159.299319
653,7/9/2015,269.23,7.54,0.008987,0.497226,,,,1164.252783
654,7/8/2015,270.79,6.36,0.009449,0.51399,,,,1158.493495
655,7/7/2015,266.21,5.23,0.00958,0.512376,,,,1156.243135
656,7/6/2015,269.03,5.42,0.009873,0.505507,,,,1166.003988
657,7/3/2015,256.34,4.12,0.011099,0.491196,,,,1167.951413
658,7/2/2015,255.41,4.07,0.011037,0.492605,,,,
659,6/30/2015,263.07,4.09,0.011319,0.500266,,,,
660,6/29/2015,257.06,3.74,0.011977,0.493447,,,,1176.000188
661,6/26/2015,243.59,2.86,0.011288,0.484247,,,,1170.494183
662,6/25/2015,242.8,2.85,0.011048,0.503678,,,,1172.649132
663,6/24/2015,240.51,2.78,0.010914,0.506506,,,,1173.750249
664,6/23/2015,244.3,2.97,0.010667,0.526921,,,,1177.995052
665,6/22/2015,246.99,3.03,0.010567,0.540599,,,,1185.494292
666,6/19/2015,244.61,2.81,0.011207,0.511796,,,,1203.398397
667,6/18/2015,249.01,3.1,0.010252,0.50388,,,,1201.85085
668,6/17/2015,249.28,2.89,0.009678,0.50334,,,,1177.995052
669,6/16/2015,250.9,2.88,0.009424,0.506086,,,,1177.745324
670,6/15/2015,236.82,2.02,0.008579,0.508224,,,,1181.40469
671,6/12/2015,229.98,1.8,0.008057,0.470966,,,,1182.802058
672,6/11/2015,229.71,1.79,0.008042,0.462852,,,,1178.494826
673,6/10/2015,228.8,1.76,0.007999,0.479738,,,,1188.495365
674,6/9/2015,229.05,1.8,0.007995,0.495991,,,,1177.398655
675,6/8/2015,228.49,1.79,0.007999,0.542956,,,,1172.800413
676,6/5/2015,224.95,1.76,0.007956,0.498892,,,,1164.605315
677,6/4/2015,224.32,1.67,0.007879,0.476494,,,,1176.000188
678,6/3/2015,225.87,1.69,0.008012,0.453476,,,,1189.994526
679,6/2/2015,225.8,1.67,0.007981,0.455539,,,,1192.805
680,6/1/2015,222.93,1.62,0.007579,0.451619,,,,1199.904008
681,5/29/2015,237.1,1.83,0.009056,0.439872,,,,1191.398106
682,5/28/2015,237.41,1.84,0.007857,0.443637,,,,1185.002607
683,5/27/2015,237.28,1.85,0.006937,0.421971,,,,1185.845745
684,5/26/2015,237.12,1.82,0.006794,0.446883,,,,1185.395922
685,5/25/2015,237.11,1.8,0.006925,0.463606,,,,
686,5/22/2015,240.35,1.83,0.006649,0.460764,,,,1204.093919
687,5/21/2015,235.34,1.48,0.006573,0.462956,,,,1204.993493
688,5/20/2015,234.02,1.46,0.006636,0.492917,,,,1210.507203
689,5/19/2015,231.95,1.45,0.006539,0.51466,,,,1214.299592
690,5/15/2015,237.6,1.45,0.006655,0.544965,,,,1220.494544
691,5/14/2015,236.93,1.45,0.006602,0.495548,,,,1224.994794
692,5/13/2015,236.38,1.45,0.006857,0.483207,,,,1210.507203
693,5/12/2015,241.11,1.45,0.007213,0.477612,,,,1191.497474
694,5/11/2015,242.16,1.44,0.00736,0.511342,,,,1189.244473
695,5/8/2015,243.86,1.48,0.007491,0.490568,,,,1186.000451
696,5/7/2015,237.33,1.46,0.007529,0.473934,,,,1186.999976
697,5/6/2015,229.78,1.39,0.007782,0.458257,,,,1194.243745
698,5/5/2015,236.12,1.41,0.00791,0.471166,,,,1197.002705
699,5/4/2015,239.02,1.41,0.008017,0.467889,,,,
700,5/1/2015,232.08,1.41,0.008018,0.499998,,,,1175.944872
701,4/30/2015,236.15,1.44,0.008029,0.501179,,,,1180.24738
702,4/29/2015,225.81,1.36,0.007863,0.491526,,,,1208.999794
703,4/28/2015,225.85,1.36,0.00763,0.47931,,,,1208.999794
704,4/27/2015,229.29,1.38,0.007765,0.566088,,,,1200.0048
705,4/24/2015,231.27,1.42,0.008077,0.569937,,,,1182.997953
706,4/23/2015,236.46,1.46,0.008019,0.603233,,,,1185.747317
707,4/22/2015,234.18,1.45,0.008025,0.576331,,,,1189.244473
708,4/21/2015,235.27,1.42,0.007968,0.632725,,,,1195.30008
709,4/20/2015,224.63,1.41,0.007932,0.678942,,,,1196.50143
710,4/17/2015,222.88,1.41,0.008025,0.658304,,,,1203.354954
711,4/16/2015,228.57,1.42,0.00801,0.678599,,,,1204.354947
712,4/15/2015,223.83,1.38,0.007949,0.673307,,,,1192.904603
713,4/14/2015,219.16,1.38,0.008159,0.656934,,,,1194.757405
714,4/13/2015,224.59,1.38,0.008194,0.691741,,,,1198.897015
715,4/10/2015,236.07,1.53,0.008512,0.800381,,,,1207.350349
716,4/9/2015,243.68,1.59,0.00878,0.758207,,,,1194.800229
717,4/8/2015,245.02,1.63,0.009198,0.755192,,,,1207.248319
718,4/7/2015,253.18,1.67,0.009071,0.833302,,,,1211.005619
719,4/6/2015,255.49,1.69,0.008786,0.789463,,,,
720,4/2/2015,253,1.68,0.007906,0.96926,,,,1198.494691
721,4/1/2015,247.27,1.66,0.007668,1.01,,,,1197.002705
722,3/31/2015,244.22,1.65,0.007772,0.907059,,,,1186.999976
723,3/30/2015,247.53,1.67,0.008453,0.853188,,,,1185.494292
724,3/27/2015,247.03,1.69,0.008895,0.777714,,,,1195.743154
725,3/26/2015,248.53,1.7,0.008764,0.746328,,,,1203.152259
726,3/25/2015,246.2,1.67,0.009115,0.767497,,,,1195.600191
727,3/24/2015,245.59,1.65,0.009757,0.711852,,,,1191.497474
728,3/23/2015,266.74,1.78,0.010308,0.766353,,,,1186.253692
729,3/20/2015,261.75,1.77,0.010446,0.633158,,,,1183.095925
730,3/19/2015,260.93,1.76,0.01048,0.677382,,,,1166.003988
731,3/18/2015,256.3,1.74,0.010575,0.638029,,,,1147.249469
732,3/17/2015,285.5,1.98,0.010929,0.752221,,,,1150.747986
733,3/16/2015,290.59,2.03,0.010968,0.805943,,,,1150.747986
734,3/13/2015,285.34,2.01,0.010511,0.644822,,,,1151.994102
735,3/12/2015,294.35,2.04,0.010359,0.684608,,,,1152.246304
736,3/11/2015,296.38,2.03,0.010229,0.715782,,,,1150.0069
737,3/10/2015,291.76,2.01,0.010086,0.791843,,,,1162.007019
738,3/9/2015,289.61,1.94,0.010643,0.63489,,,,1168.497312
739,3/6/2015,272.72,1.9,0.010856,0.486039,,,,1175.751305
740,3/5/2015,276.18,1.92,0.011543,0.469626,,,,1201.995312
741,3/4/2015,273.09,1.93,0.010032,0.413151,,,,1199.501008
742,3/3/2015,281.7,1.96,0.010593,0.415078,,,,1212.753314
743,3/2/2015,275.67,1.94,0.012192,0.428434,,,,1212.503334
744,2/27/2015,253.83,1.85,0.01336,0.381008,,,,1214.004759
745,2/26/2015,236.43,1.81,0.013299,0.357721,,,,1208.254797
746,2/25/2015,237.47,1.8,0.013401,0.365243,,,,1204.746702
747,2/24/2015,238.74,1.83,0.013396,0.340267,,,,1192.50629
748,2/23/2015,238.89,1.82,0.013334,0.337887,,,,1204.500012
749,2/20/2015,243.78,1.85,0.013481,0.305673,,,,1208.254797
750,2/19/2015,240.28,1.85,0.013758,0.282791,,,,1209.49697
751,2/18/2015,236.33,1.83,0.013791,0.248507,,,,1205.996213
752,2/17/2015,243.61,1.85,0.014031,0.253231,,,,1209.49697
753,2/13/2015,235.43,1.82,0.014566,0.255641,,,,1232.498521
754,2/12/2015,221.76,1.76,0.014039,0.246741,,,,1222.493888
755,2/11/2015,219.19,1.73,0.013776,0.231497,,,,1223.750551
756,2/10/2015,219.84,1.76,0.013649,0.244719,,,,1234.506938
757,2/9/2015,220.11,1.73,0.013994,0.251738,,,,1238.497455
758,2/6/2015,222.27,1.76,0.015185,0.270772,,,,1241.00273
759,2/5/2015,217.11,1.74,0.014466,0.272273,,,,1259.255528
760,2/4/2015,226.85,1.79,0.013498,0.289486,,,,1268.504307
761,2/3/2015,227.27,1.82,0.013025,0.288734,,,,1264.254469
762,2/2/2015,238.23,1.88,0.01367,0.301242,,,,1272.507476
763,1/30/2015,226.43,1.9,0.014443,0.294018,,,,1260.255328
764,1/29/2015,233.51,1.92,0.014706,0.309911,,,,1268.745718
765,1/28/2015,233.91,1.87,0.01497,0.290979,,,,1287.995878
766,1/27/2015,263.48,2.09,0.015841,0.320371,,,,1288.493751
767,1/26/2015,273.47,2.08,0.016019,0.317078,,,,1281.246396
768,1/23/2015,232.88,1.43,0.016734,0.283141,,,,1294.74979
769,1/22/2015,233.41,1.42,0.01701,0.273442,,,,1295.756398
770,1/21/2015,226.9,1.37,0.016653,0.261268,,,,1293.493727
771,1/20/2015,211.31,1.32,0.016112,0.236223,,,,1288.742831
772,1/19/2015,214.86,1.34,0.015991,0.254181,,,,1273.755541
773,1/16/2015,208.1,1.4,0.016403,0.278449,,,,1277.498148
774,1/15/2015,209.84,1.28,0.016444,0.261714,,,,1259.001863
775,1/14/2015,178.1,1.16,0.014233,0.223522,,,,1234.994813
776,1/13/2015,225.86,1.54,0.015648,0.309479,,,,1231.496761
777,1/12/2015,267.8,1.71,0.018434,0.364316,,,,1226.497247
778,1/9/2015,290.41,1.98,0.020576,0.431801,,,,1217.74498
779,1/8/2015,283.35,2.01,0.020676,0.429175,,,,1215.495132
780,1/7/2015,294.34,2.12,0.020843,0.463607,,,,1210.507203
781,1/6/2015,286.19,2.11,0.020732,0.461609,,,,1210.243501
782,1/5/2015,274.47,2.08,0.020316,0.421412,,,,1200.0048
783,1/2/2015,315.03,2.67,0.024318,0.459137,,,,1172.003188
784,12/31/2014,320.19,2.72,0.024438,0.43466,,,,
785,12/30/2014,310.74,2.7,0.0242,0.489046,,,,1205.996213
786,12/29/2014,312.67,2.69,0.024231,0.487799,,,,1185.494292
787,12/24/2014,322.53,2.74,0.023382,0.425367,,,,
788,12/23/2014,334.57,2.88,0.023878,0.381093,,,,1175.751305
789,12/22/2014,331.89,2.89,0.025562,0.344799,,,,1195.242933
790,12/19/2014,317.84,2.87,0.023338,0.319859,,,,1195.500137
791,12/18/2014,311.4,2.81,0.02794,0.316383,,,,1198.997638
792,12/17/2014,319.78,2.94,0.026065,0.338319,,,,1195.743154
793,12/16/2014,327.06,3.02,0.021539,0.337857,,,,1202.501203
794,12/15/2014,345.35,3.45,0.018242,0.382897,,,,1209.248331
795,12/12/2014,352.54,3.49,0.016374,0.375733,,,,1217.00398
796,12/11/2014,350.51,3.48,0.016374,0.398488,,,,1216.249088
797,12/10/2014,346.37,3.5,0.015908,0.389659,,,,1228.999472
798,12/9/2014,352.22,3.52,0.015068,0.389608,,,,1226.993865
799,12/8/2014,361.91,3.65,0.013421,0.448344,,,,1193.004223
800,12/5/2014,376.85,3.62,0.013785,0.428893,,,,1194.001337
801,12/4/2014,369.6,3.59,0.013343,0.456468,,,,1208.999794
802,12/3/2014,375.01,3.61,0.01313,0.507566,,,,1204.746702
803,12/2/2014,381.31,3.63,0.013158,0.527409,,,,1195.00012
804,12/1/2014,379.25,3.58,0.012559,0.4745,,,,1194.001337
805,11/28/2014,376.45,3.6,0.015165,0.564761,,,,1182.7461
806,11/27/2014,369.67,3.56,0.014205,0.55754,,,,1194.74313
807,11/26/2014,368.37,3.56,0.011004,0.562741,,,,1197.504401
808,11/25/2014,375.35,3.57,0.00974,0.595471,,,,1198.997638
809,11/24/2014,376.9,3.63,0.008562,0.53174,,,,1197.504401
810,11/21/2014,350.85,3.5,0.006589,0.53249,,,,1203.746058
811,11/20/2014,357.84,3.61,0.006058,0.525171,,,,1189.994526
812,11/19/2014,380.56,3.81,0.005696,0.559003,,,,1196.000574
813,11/18/2014,375.2,3.77,0.005432,0.599073,,,,1192.748092
814,11/17/2014,387.41,3.88,0.00534,0.58478,,,,1182.494354
815,11/14/2014,397.82,3.99,0.005197,0.689225,,,,1169.002724
816,11/13/2014,420.74,4.1,0.005035,0.70453,,,,1161.750526
817,11/12/2014,423.56,4.07,0.005097,0.73232,,,,1164.496821
818,11/10/2014,366.92,3.7,0.004901,0.735697,,,,1162.007019
819,11/7/2014,342.42,3.56,0.004877,0.616295,,,,1154.494447
820,11/6/2014,349.29,3.65,0.004877,0.595903,,,,1145.003206
821,11/5/2014,339.49,3.64,0.004861,0.571982,,,,1141.995752
822,11/4/2014,330.49,3.59,0.004805,0.547635,,,,1166.493637
823,11/3/2014,327.55,3.58,0.00481,0.576323,,,,1167.746832
824,10/31/2014,338.32,3.75,0.004867,0.607218,,,,1164.252783
825,10/30/2014,345.31,3.79,0.00489,0.614064,,,,1201.995312
826,10/29/2014,335.59,3.73,0.004776,0.63306,,,,1223.496018
827,10/28/2014,357.62,3.85,0.004845,0.689257,,,,1229.2563
828,10/27/2014,352.99,3.81,0.004891,0.722831,,,,1228.74275
829,10/24/2014,358.35,3.75,0.005082,0.762157,,,,1232.756814
830,10/23/2014,358.42,3.74,0.005142,0.865496,,,,1232.756814
831,10/22/2014,383.16,3.84,0.005187,0.946716,,,,1243.750155
832,10/21/2014,386.48,3.94,0.005193,0.957783,,,,1250.25005
833,10/20/2014,382.85,3.91,0.005073,0.950394,,,,1244.493118
834,10/17/2014,383.76,3.99,0.004904,0.973198,,,,1234.247911
835,10/16/2014,382.56,3.99,0.004855,0.999458,,,,1237.746312
836,10/15/2014,394.77,4.06,0.004827,0.990811,,,,1237.501238
837,10/14/2014,400.87,4.08,0.004872,1.07,,,,1234.750827
838,10/10/2014,361.56,3.81,0.004871,1.14,,,,1219.006753
839,10/9/2014,365.03,3.9,0.004824,1.11,,,,1226.75303
840,10/8/2014,352.94,3.91,0.004787,1.09,,,,1217.00398
841,10/7/2014,336.19,3.86,0.004765,1,,,,1210.492549
842,10/6/2014,330.08,3.82,0.00473,0.979703,,,,1195.743154
843,10/3/2014,359.51,4.18,0.005023,1.1,,,,1195.00012
844,10/2/2014,375.07,4.32,0.004874,1.19,,,,1211.754014
845,10/1/2014,383.62,4.43,0.004752,1.2,,,,1216.500614
846,9/30/2014,386.94,4.47,0.004644,1.22,,,,1216.500614
847,9/29/2014,375.47,4.25,0.004705,1.15,,,,1219.497323
848,9/26/2014,404.43,4.43,0.004616,1.39,,,,1213.754263
849,9/25/2014,411.57,4.51,0.004722,1.4,,,,1213.754263
850,9/24/2014,423.2,4.67,0.004668,1.51,,,,1217.255818
851,9/23/2014,435.79,4.75,0.004613,1.47,,,,1222.000904
852,9/22/2014,402.15,4.24,0.004657,1.26,,,,1213.503871
853,9/19/2014,394.8,4.33,0.004942,1.45,,,,1219.750195
854,9/18/2014,424.44,4.69,0.005135,1.57,,,,1220.494544
855,9/17/2014,457.33,5.06,0.005399,1.77,,,,1236.002274
856,9/16/2014,466.06,5.07,0.005124,1.84,,,,1232.255521
857,9/15/2014,475.37,5.18,0.00505,1.9,,,,1234.247911
858,9/12/2014,477.75,5.38,0.004713,1.88,,,,1231.496761
859,9/11/2014,479.75,5.45,0.004749,1.94,,,,1241.249193
860,9/10/2014,479.36,5.34,0.00475,1.97,,,,1251.000801
861,9/9/2014,475.26,5.07,0.004719,1.77,,,,1255.745034
862,9/8/2014,474.6,5.1,0.004711,1.87,,,,1259.001863
863,9/5/2014,483.34,4.96,0.004874,1.98,,,,1265.999063
864,9/4/2014,489.66,5.18,0.004805,2.05,,,,1271.504317
865,9/3/2014,477.59,4.87,0.004776,2.03,,,,1265.502404
866,9/2/2014,477.43,4.82,0.004641,1.96,,,,1266.993551
867,8/29/2014,508.52,5.36,0.005017,2.21,,,,1285.743674
868,8/28/2014,507.81,5.28,0.005062,2.21,,,,1292.006357
869,8/27/2014,511.15,5.39,0.005015,2.01,,,,1282.758444
870,8/26/2014,511.57,5.54,0.004837,2.01,,,,1286.00823
871,8/25/2014,502.5,5.21,0.004974,2.05,,,,1277.253394
872,8/22/2014,514.04,5.25,0.005095,1.78,,,,1277.253394
873,8/21/2014,517.24,5.8,0.005117,1.82,,,,1275.249949
874,8/20/2014,511.98,5.45,0.005265,1.83,,,,1295.001295
875,8/19/2014,485.25,4.67,0.005051,1.65,,,,1296.495572
876,8/18/2014,461.46,3.71,0.004979,1.45,,,,1296.747757
877,8/15/2014,497.01,5.05,0.00541,1.59,,,,1296.008294
878,8/14/2014,505.97,5.04,0.005227,1.76,,,,1313.490865
879,8/13/2014,546.66,5.04,0.00497,1.9,,,,1312.008817
880,8/12/2014,569.64,5.65,0.005044,2,,,,1315.754849
881,8/11/2014,576.37,6.06,0.005214,2.08,,,,1307.257896
882,8/8/2014,592.58,7.06,0.005462,2.18,,,,1309.757695
883,8/7/2014,588.87,7.18,0.005343,2.14,,,,1305.244472
884,8/6/2014,584.65,7.18,0.005256,2.19,,,,1306.506402
885,8/5/2014,585.44,7.27,0.005104,2.15,,,,1284.752557
886,8/1/2014,594.92,7.7,0.005369,2.67,,,,1291.255617
887,7/31/2014,586.24,7.54,0.005189,2.55,,,,1285.247924
888,7/30/2014,567.29,7.26,0.005097,2.54,,,,1294.498382
889,7/29/2014,584.73,7.65,0.006066,2.62,,,,1299.258124
890,7/28/2014,585.69,7.59,0.006157,2.7,,,,1304.495291
891,7/25/2014,601.09,7.55,0.006043,2.71,,,,1294.74979
892,7/24/2014,601.73,7.79,0.005929,2.36,,,,1292.75797
893,7/23/2014,619.41,8.46,0.006144,2.91,,,,1307.993146
894,7/22/2014,621.55,8.57,0.005643,3.2,,,,1310.255369
895,7/21/2014,622.21,8.59,0.005362,3.09,,,,1311.49261
896,7/18/2014,628.78,8.72,0.006364,2.62,,,,1307.257896
897,7/17/2014,623.09,8.66,0.006162,2.98,,,,1302.507327
898,7/16/2014,616.8,8.32,0.004898,2.71,,,,1300.999167
899,7/15/2014,621.59,8.56,0.004514,2.11,,,,1309.997904
900,7/14/2014,619.32,8.62,0.004367,1.97,,,,1305.994515
901,7/11/2014,632,7.85,0.004298,1.79,,,,1335.006542
902,7/10/2014,616.76,7.79,0.004074,1.89,,,,1340.249018
903,7/9/2014,624.51,7.79,0.003879,2.01,,,,1322.751323
904,7/8/2014,624.82,7.73,0.0033,2.35,,,,1322.996322
905,7/7/2014,624.09,7.56,0.003082,1.99,,,,1313.00797
906,7/4/2014,630.69,7.34,0.003246,2.64,,,,1319.243809
907,7/3/2014,645.16,8.03,0.00336,2.64,,,,1317.505698
908,7/2/2014,650.88,8.16,0.003484,2.31,,,,1326.506248
909,6/30/2014,639.8,8.95,0.00378,2.5,,,,1314.993557
910,6/27/2014,597.26,9.25,0.003993,2.2,,,,1317.505698
911,6/26/2014,581.14,9.09,0.004051,2.89,,,,1311.750662
912,6/25/2014,566.34,9.19,0.003931,3.39,,,,1316.742379
913,6/24/2014,582.36,9.63,0.004049,3.28,,,,1318.49586
914,6/23/2014,593.98,9.72,0.004085,3.98,,,,1313.508117
915,6/20/2014,594.15,9.83,0.004188,4.56,,,,1312.508203
916,6/19/2014,598.07,9.99,0.00423,3.13,,,,1293.008702
917,6/18/2014,607.96,9.68,0.004247,2.79,,,,1269.744527
918,6/17/2014,610.86,9.66,0.004264,2.82,,,,1267.507447
919,6/16/2014,592.19,9.71,0.004173,3.18,,,,1276.242741
920,6/13/2014,600.16,10.25,0.004161,1.92,,,,1272.993444
921,6/12/2014,586.95,10.17,0.004048,1.74,,,,1265.742675
922,6/11/2014,633.02,10.94,0.004421,1.62,,,,1262.004821
923,6/10/2014,653.15,11.11,0.004547,1.73,,,,1259.493432
924,6/9/2014,649.16,11.18,0.004225,1.52,,,,1253.494115
925,6/6/2014,653.7,11.2,0.003916,1.24,,,,1247.50499
926,6/5/2014,659.26,11.29,0.003841,1.81,,,,1252.50501
927,6/4/2014,641.61,11.06,0.003952,1.93,,,,1245.252475
928,6/3/2014,667.61,11.48,0.004385,1.73,,,,1242.745473
929,6/2/2014,660.62,11.36,0.004339,1.74,,,,1247.256037
930,5/30/2014,615.33,11.25,0.004232,1.68,,,,1250.5002
931,5/29/2014,568.18,10.78,0.004791,2.27,,,,1255.00433
932,5/28/2014,577.06,11.03,0.005005,2.21,,,,
933,5/27/2014,571.24,11.15,0.004643,3.02,,,,1275.493935
934,5/26/2014,583.42,11.56,0.003799,3.14,,,,
935,5/23/2014,520.22,11.23,0.003315,2.1,,,,1291.505767
936,5/22/2014,524.58,10.67,0.003993,1.6,,,,1298.498935
937,5/21/2014,491.77,10.59,0.006669,,,,,1287.249791
938,5/20/2014,485.72,10.63,0.006711,,,,,1295.504599
939,5/16/2014,448.06,10.41,0.00691,,,,,1291.505767
940,5/15/2014,447.25,10.45,0.007099,,,,,1299.004962
941,5/14/2014,443.97,10.43,0.007154,,,,,1305.244472
942,5/13/2014,440.67,10.42,0.00634,,,,,1296.495572
943,5/12/2014,441.46,10.41,0.005937,,,,,1298.751899
944,5/9/2014,449.46,10.75,0.006063,,,,,1291.255617
945,5/8/2014,440.17,10.45,0.00608,,,,,1287.001287
946,5/7/2014,438.82,10.51,0.006351,,,,,1296.008294
947,5/6/2014,428.96,10.33,0.005973,,,,,1306.250408
948,5/5/2014,433.48,10.18,0.005214,,,,,1281.246396
949,5/2/2014,449.38,10.5,0.005315,,,,,1281.246396
950,5/1/2014,457.76,11.1,0.005413,,,,,1278.494445
951,4/30/2014,447.64,10.9,0.005364,,,,,1288.493751
952,4/29/2014,447.21,10.4,0.005362,,,,,1297.757475
953,4/28/2014,440.29,10.13,0.005139,,,,,1299.004962
954,4/25/2014,461.45,10.79,0.005491,,,,,1301.253107
955,4/24/2014,500.46,12.55,0.006069,,,,,1291.505767
956,4/23/2014,491.3,12.13,0.00611,,,,,1285.247924
957,4/22/2014,487.92,12.07,0.006059,,,,,1286.752879
958,4/21/2014,495.77,12.5,0.006142,,,,,1299.004962
959,4/17/2014,495.96,12.52,0.006339,,,,,1299.004962
960,4/16/2014,527.39,13.37,0.007023,,,,,1301.507145
961,4/15/2014,515.59,13.25,0.007719,,,,,1297.993302
962,4/14/2014,458.79,11.52,0.006518,,,,,1325.750043
963,4/11/2014,420.95,10.95,0.006582,,,,,1317.991908
964,4/10/2014,365.18,8.46,0.006318,,,,,1320.498092
965,4/9/2014,442.73,11.19,0.007866,,,,,1301.744337
966,4/8/2014,453.09,11.36,0.008013,,,,,1309.500426
967,4/7/2014,449.42,11.26,0.008035,,,,,1299.004962
968,4/4/2014,447.53,11.02,0.008094,,,,,1297.252419
969,4/3/2014,444.72,11.05,0.007944,,,,,1283.993734
970,4/2/2014,437.14,11.29,0.007922,,,,,1292.006357
971,4/1/2014,478.38,13.13,0.008757,,,,,1283.746486
972,3/31/2014,457,12.75,0.008785,,,,,1291.756013
973,3/28/2014,495.67,13.74,0.010551,,,,,1294.74979
974,3/27/2014,471.24,12.48,0.010226,,,,,1295.991498
975,3/26/2014,580.83,16.27,0.012594,,,,,1304.001982
976,3/25/2014,583.92,16.3,0.01283,,,,,1313.508117
977,3/24/2014,583.41,16.19,0.012871,,,,,1310.753421
978,3/21/2014,571.49,15.7,0.01325,,,,,1336.005344
979,3/20/2014,588.77,16.47,0.013638,,,,,1326.999124
980,3/19/2014,609.89,17.24,0.013963,,,,,1338.007439
981,3/18/2014,614.83,19.42,0.01405,,,,,1355.748373
982,3/17/2014,622.37,17.31,0.014112,,,,,1378.492756
983,3/14/2014,628.8,16.59,0.014198,,,,,1385.003186
984,3/13/2014,638.14,17.02,0.014333,,,,,1368.756758
985,3/12/2014,632.1,17.18,0.014353,,,,,1366.008251
986,3/11/2014,634.11,16.14,0.014279,,,,,1346.257404
987,3/10/2014,627.79,16.01,0.014745,,,,,1343.995699
988,3/7/2014,629.15,15.85,0.015009,,,,,1335.256102
989,3/6/2014,663.86,16.46,0.015921,,,,,1345.24322
990,3/5/2014,665.51,16.34,0.016008,,,,,1337.005642
991,3/4/2014,666.78,17.07,0.016135,,,,,1334.757074
992,3/3/2014,667.76,14.27,0.015596,,,,,1349.491242
993,2/28/2014,549.26,13.23,0.013666,,,,,1326.506248
994,2/27/2014,578.77,14.29,0.014153,,,,,1332.24977
995,2/26/2014,582.69,14.23,0.014093,,,,,1331.752986
996,2/25/2014,538.71,13.82,0.01299,,,,,1338.99281
997,2/24/2014,546.32,14.55,0.01359,,,,,1334.757074
998,2/21/2014,574.16,13.89,0.01507,,,,,1323.258922
999,2/20/2014,556.14,13.98,0.014251,,,,,1316.257091
1000,2/19/2014,623.03,15.73,0.015237,,,,,1320.498092
1001,2/18/2014,626.6,15.62,0.015286,,,,,1320.742257
1002,2/14/2014,661.99,16.41,0.016367,,,,,1319.992608
1003,2/13/2014,605.24,15.29,0.016079,,,,,1295.991498
1004,2/12/2014,651.72,16.95,0.017174,,,,,1289.507279
1005,2/11/2014,672.17,17.46,0.017681,,,,,1282.001974
1006,2/10/2014,681.03,17.73,0.016677,,,,,1276.992427
1007,2/7/2014,712.4,18.54,0.018377,,,,,1259.255528
1008,2/6/2014,781.55,19.91,0.019752,,,,,1256.5024
1009,2/5/2014,811.91,20.78,0.020357,,,,,1254.500521
1010,2/4/2014,827.96,21.46,0.020997,,,,,1250.25005
1011,2/3/2014,823.83,21.91,0.021402,,,,,1262.004821
1012,1/31/2014,829.92,22.13,0.020504,,,,,1251.000801
1013,1/30/2014,819.03,21.69,0.020337,,,,,1242.498416
1014,1/29/2014,826,21.92,0.020337,,,,,1263.998787
1015,1/28/2014,812.51,21.55,0.020605,,,,,1251.251251
1016,1/27/2014,771.39,20.02,0.018967,,,,,1260.493609
1017,1/24/2014,797.07,20.72,0.018126,,,,,1266.993551
1018,1/23/2014,822.04,22.38,0.018534,,,,,1262.993041
1019,1/22/2014,845.59,23.65,0.019389,,,,,1241.00273
1020,1/21/2014,863.91,24.73,0.019927,,,,,1238.006809
1021,1/20/2014,870.2,25.2,0.019856,,,,,1255.745034
1022,1/17/2014,814.64,23.71,0.02053,,,,,1250
1023,1/16/2014,835.63,24.46,0.021024,,,,,1241.495754
1024,1/15/2014,860.9,25.22,0.022221,,,,,1236.002274
1025,1/14/2014,833.27,24.1,0.021186,,,,,1251.501802
1026,1/13/2014,841.2,24.27,0.021664,,,,,1248.003195
1027,1/10/2014,868.48,24.93,0.022837,,,,,1244.245365
1028,1/9/2014,846.86,24.43,0.022368,,,,,1226.00103
1029,1/8/2014,842.72,24.39,0.023227,,,,,1221.001221
1030,1/7/2014,802,23.25,0.022986,,,,,1227.505953
1031,1/6/2014,953.29,29.22,0.0257,,,,,1246.245685
1032,1/3/2014,818.72,24.82,0.027627,,,,,1234.506938
1033,1/2/2014,802.39,25.76,0.028726,,,,,1224.994794
1034,12/31/2013,754.01,24.35,0.02733,,,,,
1035,12/30/2013,756.13,24.38,0.02746,,,,,1204.500012
1036,12/27/2013,735.07,23.27,0.027076,,,,,1214.50606
1037,12/24/2013,665.58,17.64,0.022575,,,,,
1038,12/23/2013,673.41,17.89,0.023702,,,,,1198.997638
1039,12/20/2013,625.32,17.57,0.020851,,,,,1195.242933
1040,12/19/2013,691.96,19.91,0.021073,,,,,1196.000574
1041,12/18/2013,522.7,13.39,0.015852,,,,,1230.496628
1042,12/17/2013,682.12,21.97,0.018313,,,,,1231.754634
1043,12/16/2013,705.97,24.64,0.021565,,,,,1234.750827
1044,12/13/2013,892.58,31.2,0.035145,,,,,1231.997437
1045,12/12/2013,873.26,31.59,0.03465,,,,,1225.249951
1046,12/11/2013,878.48,30.98,0.037937,,,,,1260.747876
1047,12/10/2013,988.51,36.29,0.043784,,,,,1266.255556
1048,12/9/2013,893.19,31.57,0.03893,,,,,1236.996079
1049,12/6/2013,829.45,29.84,0.042211,,,,,1233.000012
1050,12/5/2013,1045.11,37.75,0.055153,,,,,1222.493888
1051,12/4/2013,1151.17,44.73,0.058692,,,,,1227.505953
1052,12/3/2013,1078.28,39.79,0.048672,,,,,1217.255818
1053,12/2/2013,1043.33,33.18,0.055252,,,,,1229.498119
1054,11/29/2013,1131.97,37.74,0.030986,,,,,1253.007217
1055,11/28/2013,1031.95,43.39,0.028981,,,,,1245.500629
1056,11/27/2013,1001.96,39.04,0.024096,,,,,1245.00442
1057,11/26/2013,928.1,20.35,0.029913,,,,,1247.50499
1058,11/25/2013,799.11,12.27,0.018208,,,,,1242.992629
1059,11/22/2013,771.44,10.13,0.009717,,,,,1246.245685
1060,11/21/2013,722.43,9.35,0.009935,,,,,1240.00248
1061,11/20/2013,590.83,7.98,0.007467,,,,,1256.992018
1062,11/19/2013,584.61,8.03,0.007225,,,,,1275.75429
1063,11/18/2013,703.56,9.37,0.010918,,,,,1283.499333
1064,11/15/2013,417.95,4.21,0.009685,,,,,1287.249791
1065,11/14/2013,420.2,4.29,0.009646,,,,,1285.991692
1066,11/13/2013,407.37,4.11,0.010846,,,,,1272.491283
1067,11/12/2013,360.33,3.98,0.009557,,,,,1281.246396
1068,11/8/2013,338.11,4.61,0.010722,,,,,1285.495751
1069,11/7/2013,296.41,4.39,0.008939,,,,,1307.257896
1070,11/6/2013,262.5,3.39,0.007776,,,,,1319.000198
1071,11/5/2013,245.24,3.04,0.00715,,,,,1307.257896
1072,11/4/2013,229.1,3.08,0.007011,,,,,1320.498092
1073,11/1/2013,206.18,2.45,0.006353,,,,,1306.74542
1074,10/31/2013,204,2.36,0.006073,,,,,1323.994757
1075,10/30/2013,199.97,2.29,0.005854,,,,,1354.75655
1076,10/29/2013,204.39,2.13,0.005998,,,,,1349.254537
1077,10/28/2013,198.55,2.18,0.005942,,,,,1361.007145
1078,10/25/2013,186.69,2.18,0.00686,,,,,1347.745222
1079,10/24/2013,198.23,2.27,0.008596,,,,,1344.754784
1080,10/23/2013,213.62,2.05,0.007873,,,,,1331.256573
1081,10/22/2013,193.76,1.7,0.006845,,,,,1332.995641
1082,10/21/2013,182.21,1.82,0.006634,,,,,1317.505698
1083,10/18/2013,155.96,1.9,0.007942,,,,,1316.499691
1084,10/17/2013,146.25,1.91,0.008343,,,,,1319.243809
1085,10/16/2013,142.55,1.92,0.007305,,,,,1273.496001
1086,10/15/2013,145.24,1.96,0.008051,,,,,1270.502738
1087,10/11/2013,130.9,2.07,0.00897,,,,,1265.502404
1088,10/10/2013,130.59,2.03,0.009861,,,,,1298.498935
1089,10/9/2013,130.69,1.92,0.009663,,,,,1304.001982
1090,10/8/2013,126,1.98,0.009451,,,,,1329.504361
1091,10/7/2013,126.94,2.1,0.00924,,,,,1323.504109
1092,10/4/2013,129.01,2.2,0.009873,,,,,1309.757695
1093,10/3/2013,123.63,2.17,0.009112,,,,,1315.997263
1094,10/2/2013,114.13,1.97,0.007862,,,,,1306.250408
1095,10/1/2013,132.18,2.42,0.010529,,,,,1290.755608
1096,9/30/2013,133,2.35,0.010932,,,,,1326.506248
1097,9/27/2013,133.78,2.4,0.014566,,,,,1341.003876
1098,9/26/2013,128.38,2.39,0.011713,,,,,1332.995641
1099,9/25/2013,128.22,2.37,0.010433,,,,,1322.751323
1100,9/24/2013,127.25,2.47,0.010448,,,,,1314.250417
1101,9/23/2013,125.95,2.47,0.010008,,,,,1322.996322
1102,9/20/2013,127.04,2.48,0.010113,,,,,1349.254537
1103,9/19/2013,129.65,2.62,0.010958,,,,,1365.504622
1104,9/18/2013,131.47,2.56,0.010782,,,,,1300.999167
1105,9/17/2013,131.66,2.6,0.009613,,,,,1312.249852
1106,9/16/2013,131.72,2.63,0.007056,,,,,1323.994757
1107,9/13/2013,134.98,2.67,0.006513,,,,,1318.49586
1108,9/12/2013,133.13,2.7,0.006349,,,,,1328.003612
1109,9/11/2013,135.25,2.72,0.006273,,,,,1367.745818
1110,9/10/2013,125.91,2.64,0.005808,,,,,1358.252744
1111,9/9/2013,127.11,2.73,0.00627,,,,,1390.008618
1112,9/6/2013,119.15,2.69,0.005866,,,,,1387.001026
1113,9/5/2013,126.43,2.75,0.005715,,,,,1385.003186
1114,9/4/2013,126.74,2.81,0.005695,,,,,1390.008618
1115,9/3/2013,136.77,2.6,0.00567,,,,,1399.501777
1116,8/30/2013,133.49,2.66,0.00593,,,,,1394.758498
1117,8/29/2013,122.39,2.55,0.005763,,,,,1407.75674
1118,8/28/2013,122.62,2.52,0.006246,,,,,1419.506863
1119,8/27/2013,126.5,2.57,0.006452,,,,,1419.244962
1120,8/26/2013,120.06,2.57,0.006417,,,,,
1121,8/23/2013,118.5,2.72,0.005139,,,,,1377.505338
1122,8/22/2013,121.15,2.75,0.005143,,,,,1375.496898
1123,8/21/2013,123.3,2.7,0.006131,,,,,1362.99204
1124,8/20/2013,121.2,2.78,0.006098,,,,,1372.495196
1125,8/19/2013,119,2.82,0.00526,,,,,1365.001365
1126,8/16/2013,108.99,2.72,0.003134,,,,,1369.24404
1127,8/15/2013,109.99,2.76,0.003092,,,,,1329.751868
1128,8/14/2013,112.56,2.73,0.003788,,,,,1326.506248
1129,8/13/2013,109,2.74,0.004245,,,,,1328.497602
1130,8/12/2013,106.64,2.65,0.004449,,,,,1341.003876
1131,8/9/2013,102.8,2.68,0.004291,,,,,1309.003325
1132,8/8/2013,103,2.7,0.004254,,,,,1298.24607
1133,8/7/2013,106.75,2.76,0.004417,,,,,1282.495223
1134,8/6/2013,106.75,2.82,0.00468,,,,,1280.508106
1135,8/2/2013,104.5,2.84,,,,,,1309.243257
1136,8/1/2013,104,2.91,,,,,,1314.993557
1137,7/31/2013,106.09,2.87,,,,,,1314.492277
1138,7/30/2013,107.99,2.99,,,,,,1324.152542
1139,7/29/2013,101.2,2.96,,,,,,1329.751868
1140,7/26/2013,96.02,2.9,,,,,,1331.008505
1141,7/25/2013,96.9,2.97,,,,,,1325.996155
1142,7/24/2013,94.51,2.94,,,,,,1335.006542
1143,7/23/2013,95.56,2.99,,,,,,1333.493353
1144,7/22/2013,91.61,2.89,,,,,,1326.999124
1145,7/19/2013,92.17,2.96,,,,,,1295.756398
1146,7/18/2013,90.58,2.89,,,,,,1283.252275
1147,7/17/2013,98.5,3.15,,,,,,1297.252419
1148,7/16/2013,97.45,3.1,,,,,,1291.505767
1149,7/15/2013,98.4,2.98,,,,,,1284.752557
1150,7/12/2013,93.59,2.79,,,,,,1279.754287
1151,7/11/2013,88.98,2.73,,,,,,1280
1152,7/10/2013,86.76,2.81,,,,,,1255.997388
1153,7/9/2013,76.69,2.61,,,,,,1255.492781
1154,7/8/2013,76.52,2.61,,,,,,1235.254154
1155,7/5/2013,68.43,2.43,,,,,,1212.753314
1156,7/4/2013,80.53,2.73,,,,,,1251.752453
1157,7/3/2013,77.53,2.62,,,,,,1250
1158,7/2/2013,90.13,2.83,,,,,,1252.50501
1159,6/28/2013,94.65,2.75,,,,,,1191.994565
1160,6/27/2013,101.44,3.02,,,,,,1232.756814
1161,6/26/2013,104,2.86,,,,,,1236.246755
1162,6/25/2013,103.95,2.82,,,,,,1279.001356
1163,6/24/2013,102.74,2.87,,,,,,1286.752879
1164,6/21/2013,109.5,2.87,,,,,,1295.252898
1165,6/20/2013,110.15,2.29,,,,,,1292.507335
1166,6/19/2013,108.25,2.3,,,,,,1372.758971
1167,6/18/2013,107.4,2.31,,,,,,1366.75505
1168,6/17/2013,101.7,2.28,,,,,,1384.75386
1169,6/14/2013,99.98,2.13,,,,,,1391.246278
1170,6/13/2013,104,2.27,,,,,,1385.003186
1171,6/12/2013,108.15,2.38,,,,,,1382.743363
1172,6/11/2013,108.9,2.4,,,,,,1374.249316
1173,6/10/2013,106.35,2.49,,,,,,1383.25979
1174,6/7/2013,111.5,2.6,,,,,,1386.001386
1175,6/6/2013,118,2.75,,,,,,1399.9916
1176,6/5/2013,121.65,2.86,,,,,,1404.001404
1177,6/4/2013,121.42,2.87,,,,,,1399.501777
1178,6/3/2013,122.22,2.73,,,,,,1402.504874
1179,5/31/2013,129,2.96,,,,,,1394.505648
1180,5/30/2013,128.8,2.97,,,,,,1413.507477
1181,5/29/2013,132.3,3.1,,,,,,1382.49485
1182,5/28/2013,129,3.09,,,,,,1376.500385
1183,5/27/2013,129.75,3.1,,,,,,
1184,5/24/2013,133.2,3.18,,,,,,1390.240512
1185,5/23/2013,126.7,3.18,,,,,,1380.490903
1186,5/22/2013,123.89,3.12,,,,,,1408.49038
1187,5/21/2013,122.88,3.09,,,,,,1360.747867
1188,5/17/2013,123.02,3.19,,,,,,1368.756758
1189,5/16/2013,118.76,2.92,,,,,,1381.005648
1190,5/15/2013,114.22,2.94,,,,,,1409.999718
1191,5/14/2013,111.5,2.82,,,,,,1433.753423
1192,5/13/2013,117.98,3.28,,,,,,1430.758445
1193,5/10/2013,117.2,3.44,,,,,,1426.492825
1194,5/9/2013,112.67,3.42,,,,,,1465.502081
1195,5/8/2013,113.57,3.41,,,,,,1467.997651
1196,5/7/2013,111.5,3.33,,,,,,1444.251878
1197,5/6/2013,112.3,3.37,,,,,,1469.248626
1198,5/3/2013,97.75,3.04,,,,,,
1199,5/2/2013,105.21,3.37,,,,,,1469.248626
1200,5/1/2013,116.99,3.8,,,,,,1454.757056
1201,4/30/2013,139,4.3,,,,,,1468.989629
1202,4/29/2013,144.54,4.38,,,,,,1467.502165
